url,status,final_url,canonical,meta_robots,x_robots_tag,blogposting_jsonld,breadcrumb_jsonld,site_jsonld,in_sitemap,notes
"https://www.fsidigital.ca/blog/nsf-sbir-grants-technology-startups",200,"https://www.fsidigital.ca/blog/nsf-sbir-grants-technology-startups","https://www.fsidigital.ca/blog/nsf-sbir-grants-technology-startups","index, follow","NONE",true,true,true,true,"OK"
"https://www.fsidigital.ca/blog/quebec-small-business-grants-guide",200,"https://www.fsidigital.ca/blog/quebec-small-business-grants-guide","https://www.fsidigital.ca/blog/quebec-small-business-grants-guide","index, follow","NONE",true,true,true,true,"OK"
"https://www.fsidigital.ca/blog/nih-sbir-biotech-grants",200,"https://www.fsidigital.ca/blog/nih-sbir-biotech-grants","https://www.fsidigital.ca/blog/nih-sbir-biotech-grants","index, follow","NONE",true,true,true,true,"OK"
"https://www.fsidigital.ca/usa/california",200,"https://www.fsidigital.ca/usa/california","https://www.fsidigital.ca/usa/california","index, follow","NONE",false,false,true,true,"OK"
"https://www.fsidigital.ca/usa/technology-startup-grants",200,"https://www.fsidigital.ca/usa/technology-startup-grants","https://www.fsidigital.ca/usa/technology-startup-grants","index, follow","NONE",false,false,true,true,"OK"
"https://www.fsidigital.ca/blog/colorado-tech-programs",200,"https://www.fsidigital.ca/blog/colorado-tech-programs","https://www.fsidigital.ca/blog/colorado-tech-programs","index, follow","NONE",false,false,true,true,"OK"
"https://www.fsidigital.ca/guides/irap-innovation-application-guide",200,"https://www.fsidigital.ca/guides/irap-innovation-application-guide","https://www.fsidigital.ca/guides/irap-innovation-application-guide","index, follow","NONE",false,false,true,true,"OK"
"https://www.fsidigital.ca/guides/apply-irap-grants",200,"https://www.fsidigital.ca/guides/apply-irap-grants","https://www.fsidigital.ca/guides/apply-irap-grants","index, follow","NONE",false,false,true,true,"OK"
"https://www.fsidigital.ca/usa/new-york",200,"https://www.fsidigital.ca/usa/new-york","https://www.fsidigital.ca/usa/new-york","index, follow","NONE",false,false,true,true,"OK"
"https://www.fsidigital.ca/blog/usda-sbir-agtech-grants",200,"https://www.fsidigital.ca/blog/usda-sbir-agtech-grants","https://www.fsidigital.ca/blog/usda-sbir-agtech-grants","index, follow","NONE",true,true,true,true,"OK"
"https://www.fsidigital.ca/guides/apply-strategic-innovation-fund",200,"https://www.fsidigital.ca/guides/apply-strategic-innovation-fund","https://www.fsidigital.ca/guides/apply-strategic-innovation-fund","index, follow","NONE",false,false,true,true,"OK"
"https://www.fsidigital.ca/usa/minnesota",200,"https://www.fsidigital.ca/usa/minnesota","https://www.fsidigital.ca/usa/minnesota","index, follow","NONE",false,false,true,true,"OK"
"https://www.fsidigital.ca/usa/kentucky",200,"https://www.fsidigital.ca/usa/kentucky","https://www.fsidigital.ca/usa/kentucky","index, follow","NONE",false,false,true,true,"OK"
"https://www.fsidigital.ca/blog/dod-sbir-defense-tech-grants",200,"https://www.fsidigital.ca/blog/dod-sbir-defense-tech-grants","https://www.fsidigital.ca/blog/dod-sbir-defense-tech-grants","index, follow","NONE",true,true,true,true,"OK"
"https://www.fsidigital.ca/guides/nserc-research-grants-guide",200,"https://www.fsidigital.ca/guides/nserc-research-grants-guide","https://www.fsidigital.ca/guides/nserc-research-grants-guide","index, follow","NONE",false,false,true,true,"OK"
"https://www.fsidigital.ca/blog/healthcare-grants-2026",200,"https://www.fsidigital.ca/blog/healthcare-grants-2026","https://www.fsidigital.ca/blog/healthcare-grants-2026","index, follow","NONE",true,true,true,true,"OK"
"https://www.fsidigital.ca/blog/quebec-business-grants-2026",200,"https://www.fsidigital.ca/blog/quebec-business-grants-2026","https://www.fsidigital.ca/blog/quebec-business-grants-2026","index, follow","NONE",true,true,true,true,"OK"
"https://www.fsidigital.ca/guides/apply-youth-entrepreneurship-funding",200,"https://www.fsidigital.ca/guides/apply-youth-entrepreneurship-funding","https://www.fsidigital.ca/guides/apply-youth-entrepreneurship-funding","index, follow","NONE",false,false,true,true,"OK"
"https://www.fsidigital.ca/guides/apply-quebec-business-grants",200,"https://www.fsidigital.ca/guides/apply-quebec-business-grants","https://www.fsidigital.ca/guides/apply-quebec-business-grants","index, follow","NONE",false,false,true,true,"OK"
"https://www.fsidigital.ca/blog/women-entrepreneurship-strategy-canada",200,"https://www.fsidigital.ca/blog/women-entrepreneurship-strategy-canada","MISSING","index, follow","NONE",false,false,true,true,"⚠️ CANONICAL MISMATCH: MISSING"
"https://www.fsidigital.ca/blog/veteran-business-funding-canada-2026",200,"https://www.fsidigital.ca/blog/veteran-business-funding-canada-2026","https://www.fsidigital.ca/blog/veteran-business-funding-canada-2026","index, follow","NONE",true,true,true,true,"OK"
"https://www.fsidigital.ca/blog/alberta-innovation-grants",200,"https://www.fsidigital.ca/blog/alberta-innovation-grants","https://www.fsidigital.ca/blog/alberta-innovation-grants","index, follow","NONE",true,true,true,true,"OK"
"https://www.fsidigital.ca/blog/bc-business-grants-2026",200,"https://www.fsidigital.ca/blog/bc-business-grants-2026","https://www.fsidigital.ca/blog/bc-business-grants-2026","index, follow","NONE",true,true,true,true,"OK"
"https://www.fsidigital.ca/blog/nserc-research-grants-canada",200,"https://www.fsidigital.ca/blog/nserc-research-grants-canada","https://www.fsidigital.ca/blog/nserc-research-grants-canada","index, follow","NONE",true,true,true,true,"OK"
"https://www.fsidigital.ca/blog/veterans-business-grants-2026",200,"https://www.fsidigital.ca/blog/veterans-business-grants-2026","https://www.fsidigital.ca/blog/veterans-business-grants-2026","index, follow","NONE",true,true,true,true,"OK"
"https://www.fsidigital.ca/grants/on/toronto/restaurants-hospitality",200,"https://www.fsidigital.ca/grants/on/toronto/restaurants-hospitality","https://www.fsidigital.ca/grants/on/toronto/restaurants-hospitality","index, follow","NONE",false,true,true,true,"OK"
"https://www.fsidigital.ca/blog/canada-technology-adoption-grants-guide",200,"https://www.fsidigital.ca/blog/canada-technology-adoption-grants-guide","https://www.fsidigital.ca/blog/canada-technology-adoption-grants-guide","index, follow","NONE",true,true,true,true,"OK"
"https://www.fsidigital.ca/blog/california-business-grants-2026",200,"https://www.fsidigital.ca/blog/california-business-grants-2026","https://www.fsidigital.ca/blog/california-business-grants-2026","index, follow","NONE",true,true,true,true,"OK"
"https://www.fsidigital.ca/guides/california-loan-guarantee-guide",200,"https://www.fsidigital.ca/guides/california-loan-guarantee-guide","https://www.fsidigital.ca/guides/california-loan-guarantee-guide","index, follow","NONE",false,false,true,true,"OK"
"https://www.fsidigital.ca/usa/ohio",200,"https://www.fsidigital.ca/usa/ohio","https://www.fsidigital.ca/usa/ohio","index, follow","NONE",false,false,true,true,"OK"
"https://www.fsidigital.ca/blog/doe-sbir-clean-energy-grants",200,"https://www.fsidigital.ca/blog/doe-sbir-clean-energy-grants","https://www.fsidigital.ca/blog/doe-sbir-clean-energy-grants","index, follow","NONE",true,true,true,true,"OK"
"https://www.fsidigital.ca/programs/mb-clean-energy",200,"https://www.fsidigital.ca/programs/mb-clean-energy","https://www.fsidigital.ca/programs/mb-clean-energy","index, follow","NONE",false,false,true,true,"OK"
"https://www.fsidigital.ca/usa/nevada",200,"https://www.fsidigital.ca/usa/nevada","https://www.fsidigital.ca/usa/nevada","index, follow","NONE",false,true,true,true,"OK"
"https://www.fsidigital.ca/blog/small-business-financing-2026",200,"https://www.fsidigital.ca/blog/small-business-financing-2026","https://www.fsidigital.ca/blog/small-business-financing-2026","index, follow","NONE",true,true,true,true,"OK"
"https://www.fsidigital.ca/blog/usda-rural-grants-2026",200,"https://www.fsidigital.ca/blog/usda-rural-grants-2026","https://www.fsidigital.ca/blog/usda-rural-grants-2026","index, follow","NONE",true,true,true,true,"OK"
"https://www.fsidigital.ca/blog/nasa-sbir-space-tech-grants",200,"https://www.fsidigital.ca/blog/nasa-sbir-space-tech-grants","https://www.fsidigital.ca/blog/nasa-sbir-space-tech-grants","index, follow","NONE",true,true,true,true,"OK"
"https://www.fsidigital.ca/download/amber-grant-women-application-guide",200,"https://www.fsidigital.ca/download/amber-grant-women-application-guide","https://www.fsidigital.ca/download/amber-grant-women-application-guide","index, follow","NONE",false,false,true,true,"OK"
"https://www.fsidigital.ca/blog/sba-sbir-grants-2026",200,"https://www.fsidigital.ca/blog/sba-sbir-grants-2026","https://www.fsidigital.ca/blog/sba-sbir-grants-2026","index, follow","NONE",true,true,true,true,"OK"
"https://www.fsidigital.ca/blog/atlantic-small-business-grants-guide",200,"https://www.fsidigital.ca/blog/atlantic-small-business-grants-guide","https://www.fsidigital.ca/blog/atlantic-small-business-grants-guide","index, follow","NONE",true,true,true,true,"OK"
"https://www.fsidigital.ca/blog/canada-agriculture-agrifood-grants-guide",200,"https://www.fsidigital.ca/blog/canada-agriculture-agrifood-grants-guide","https://www.fsidigital.ca/blog/canada-agriculture-agrifood-grants-guide","index, follow","NONE",true,true,true,true,"OK"
"https://www.fsidigital.ca/blog/canada-clean-technology-innovation-grants",200,"https://www.fsidigital.ca/blog/canada-clean-technology-innovation-grants","MISSING","index, follow","NONE",false,false,true,true,"⚠️ CANONICAL MISMATCH: MISSING"
"https://www.fsidigital.ca/usa/washington",200,"https://www.fsidigital.ca/usa/washington","https://www.fsidigital.ca/usa/washington","index, follow","NONE",false,true,true,true,"OK"
"https://www.fsidigital.ca/blog/new-york-business-grants-2026",200,"https://www.fsidigital.ca/blog/new-york-business-grants-2026","https://www.fsidigital.ca/blog/new-york-business-grants-2026","index, follow","NONE",true,true,true,true,"OK"
"https://www.fsidigital.ca/blog/canada-agri-food-technology-innovation-grants",200,"https://www.fsidigital.ca/blog/canada-agri-food-technology-innovation-grants","https://www.fsidigital.ca/blog/canada-agri-food-technology-innovation-grants","index, follow","NONE",true,true,true,true,"OK"
"https://www.fsidigital.ca/blog/canada-aerospace-defence-innovation-grants",200,"https://www.fsidigital.ca/blog/canada-aerospace-defence-innovation-grants","https://www.fsidigital.ca/blog/canada-aerospace-defence-innovation-grants","index, follow","NONE",true,true,true,true,"OK"
"https://www.fsidigital.ca/blog/florida-business-grants-2026",200,"https://www.fsidigital.ca/blog/florida-business-grants-2026","https://www.fsidigital.ca/blog/florida-business-grants-2026","index, follow","NONE",true,true,true,true,"OK"
"https://www.fsidigital.ca/canada/nova-scotia",200,"https://www.fsidigital.ca/canada/nova-scotia","https://www.fsidigital.ca/canada/nova-scotia","index, follow","NONE",false,false,true,true,"OK"
"https://www.fsidigital.ca/grants/il/chicago/women-entrepreneurs",200,"https://www.fsidigital.ca/grants/il/chicago/women-entrepreneurs","https://www.fsidigital.ca/grants/il/chicago/women-entrepreneurs","index, follow","NONE",false,true,true,true,"OK"
"https://www.fsidigital.ca/blog/pennsylvania-innovation-2026",200,"https://www.fsidigital.ca/blog/pennsylvania-innovation-2026","https://www.fsidigital.ca/blog/pennsylvania-innovation-2026","index, follow","NONE",true,true,true,true,"OK"
"https://www.fsidigital.ca/blog/texas-business-grants-2026",200,"https://www.fsidigital.ca/blog/texas-business-grants-2026","https://www.fsidigital.ca/blog/texas-business-grants-2026","index, follow","NONE",true,true,true,true,"OK"
"https://www.fsidigital.ca/blog/manitoba-small-business-grants-guide",200,"https://www.fsidigital.ca/blog/manitoba-small-business-grants-guide","https://www.fsidigital.ca/blog/manitoba-small-business-grants-guide","index, follow","NONE",true,true,true,true,"OK"
"https://www.fsidigital.ca/blog/canada-clean-technology-environment-grants-guide",200,"https://www.fsidigital.ca/blog/canada-clean-technology-environment-grants-guide","https://www.fsidigital.ca/blog/canada-clean-technology-environment-grants-guide","index, follow","NONE",true,true,true,true,"OK"
"https://www.fsidigital.ca/blog/illinois-business-development-2026",200,"https://www.fsidigital.ca/blog/illinois-business-development-2026","https://www.fsidigital.ca/blog/illinois-business-development-2026","index, follow","NONE",true,true,true,true,"OK"
"https://www.fsidigital.ca/blog/nsf-stem-research-2026-archive",200,"https://www.fsidigital.ca/blog/nsf-stem-research-2026","https://www.fsidigital.ca/blog/nsf-stem-research-2026","index, follow","NONE",true,true,true,false,"⚠️ CANONICAL MISMATCH: https://www.fsidigital.ca/blog/nsf-stem-research-2026"
"https://www.fsidigital.ca/canada/indigenous-entrepreneur-grants",200,"https://www.fsidigital.ca/canada/indigenous-entrepreneur-grants","https://www.fsidigital.ca/canada/indigenous-entrepreneur-grants","index, follow","NONE",false,false,true,true,"OK"
"https://www.fsidigital.ca/usa/arizona/phoenix",200,"https://www.fsidigital.ca/usa/arizona/phoenix","https://www.fsidigital.ca/usa/arizona/phoenix","index, follow","NONE",false,false,true,true,"OK"
"https://www.fsidigital.ca/blog/canada-advanced-manufacturing-innovation-grants",200,"https://www.fsidigital.ca/blog/canada-advanced-manufacturing-innovation-grants","https://www.fsidigital.ca/blog/canada-advanced-manufacturing-innovation-grants","index, follow","NONE",true,true,true,true,"OK"
"https://www.fsidigital.ca/blog/ai-machine-learning-grants",200,"https://www.fsidigital.ca/blog/ai-machine-learning-grants","https://www.fsidigital.ca/blog/ai-machine-learning-grants","index, follow","NONE",true,true,true,true,"OK"
"https://www.fsidigital.ca/blog/top-10-no-equity-grants-black-female-entrepreneurs",200,"https://www.fsidigital.ca/blog/top-10-no-equity-grants-black-female-entrepreneurs","https://www.fsidigital.ca/blog/top-10-no-equity-grants-black-female-entrepreneurs","index, follow","NONE",true,true,true,true,"OK"
"https://www.fsidigital.ca/guides/women-entrepreneurship-loan-fund-guide",200,"https://www.fsidigital.ca/guides/women-entrepreneurship-loan-fund-guide","https://www.fsidigital.ca/guides/women-entrepreneurship-loan-fund-guide","index, follow","NONE",false,false,true,true,"OK"
"https://www.fsidigital.ca/blog/canada-regional-economic-development-grants-guide",200,"https://www.fsidigital.ca/blog/canada-regional-economic-development-grants-guide","https://www.fsidigital.ca/blog/canada-regional-economic-development-grants-guide","index, follow","NONE",true,true,true,true,"OK"
"https://www.fsidigital.ca/usa/missouri",200,"https://www.fsidigital.ca/usa/missouri","https://www.fsidigital.ca/usa/missouri","index, follow","NONE",false,true,true,true,"OK"
"https://www.fsidigital.ca/usa/florida/miami",200,"https://www.fsidigital.ca/usa/florida/miami","https://www.fsidigital.ca/usa/florida/miami","index, follow","NONE",false,false,true,true,"OK"
"https://www.fsidigital.ca/usa/utah",200,"https://www.fsidigital.ca/usa/utah","https://www.fsidigital.ca/usa/utah","index, follow","NONE",false,true,true,true,"OK"
"https://www.fsidigital.ca/blog/canada-innovation-research-development-grants-guide",200,"https://www.fsidigital.ca/blog/canada-innovation-research-development-grants-guide","https://www.fsidigital.ca/blog/canada-innovation-research-development-grants-guide","index, follow","NONE",true,true,true,true,"OK"
"https://www.fsidigital.ca/usa/idaho",200,"https://www.fsidigital.ca/usa/idaho","https://www.fsidigital.ca/usa/idaho","index, follow","NONE",false,true,true,true,"OK"
"https://www.fsidigital.ca/usa/hawaii",200,"https://www.fsidigital.ca/usa/hawaii","https://www.fsidigital.ca/usa/hawaii","index, follow","NONE",false,true,true,true,"OK"
"https://www.fsidigital.ca/blog/massachusetts-tech-programs",200,"https://www.fsidigital.ca/blog/massachusetts-tech-programs","https://www.fsidigital.ca/blog/massachusetts-tech-programs","index, follow","NONE",true,true,true,true,"OK"
"https://www.fsidigital.ca/blog/technology-startup-grants-2026",200,"https://www.fsidigital.ca/blog/technology-startup-grants-2026","https://www.fsidigital.ca/blog/technology-startup-grants-2026","index, follow","NONE",true,true,true,true,"OK"
"https://www.fsidigital.ca/usa/alaska",200,"https://www.fsidigital.ca/usa/alaska","https://www.fsidigital.ca/usa/alaska","index, follow","NONE",false,true,true,true,"OK"
"https://www.fsidigital.ca/usa/california/san-diego",200,"https://www.fsidigital.ca/usa/california/san-diego","https://www.fsidigital.ca/usa/california/san-diego","index, follow","NONE",false,false,true,true,"OK"
"https://www.fsidigital.ca/canada/quebec",200,"https://www.fsidigital.ca/canada/quebec","MISSING","index, follow","NONE",false,false,true,true,"⚠️ CANONICAL MISMATCH: MISSING"
"https://www.fsidigital.ca/usa/minnesota/minneapolis",200,"https://www.fsidigital.ca/usa/minnesota/minneapolis","https://www.fsidigital.ca/usa/minnesota/minneapolis","index, follow","NONE",false,false,true,true,"OK"
"https://www.fsidigital.ca/grants/bc/vancouver/technology",200,"https://www.fsidigital.ca/grants/bc/vancouver/technology","https://www.fsidigital.ca/grants/bc/vancouver/technology","index, follow","NONE",false,true,true,true,"OK"
"https://www.fsidigital.ca/guides/apply-women-entrepreneurship-strategy",200,"https://www.fsidigital.ca/guides/apply-women-entrepreneurship-strategy","https://www.fsidigital.ca/guides/apply-women-entrepreneurship-strategy","index, follow","NONE",false,false,true,true,"OK"
"https://www.fsidigital.ca/blog/7-startup-accelerators-california-free-money",200,"https://www.fsidigital.ca/blog/7-startup-accelerators-california-free-money","https://www.fsidigital.ca/blog/7-startup-accelerators-california-free-money","index, follow","NONE",true,true,true,true,"OK"
"https://www.fsidigital.ca/guides/apply-agriculture-agri-food-canada",200,"https://www.fsidigital.ca/guides/apply-agriculture-agri-food-canada","https://www.fsidigital.ca/guides/apply-agriculture-agri-food-canada","index, follow","NONE",false,false,true,true,"OK"
"https://www.fsidigital.ca/download/irap-application-kit",200,"https://www.fsidigital.ca/download/irap-application-kit","https://www.fsidigital.ca/download/irap-application-kit","index, follow","NONE",false,false,true,true,"OK"
"https://www.fsidigital.ca/guides/apply-alberta-business-grants",200,"https://www.fsidigital.ca/guides/apply-alberta-business-grants","https://www.fsidigital.ca/guides/apply-alberta-business-grants","index, follow","NONE",false,false,true,true,"OK"
"https://www.fsidigital.ca/guides/apply-doe-clean-energy-grants",200,"https://www.fsidigital.ca/guides/apply-doe-clean-energy-grants","https://www.fsidigital.ca/guides/apply-doe-clean-energy-grants","index, follow","NONE",false,false,true,true,"OK"
"https://www.fsidigital.ca/guides/apply-british-columbia-grants",200,"https://www.fsidigital.ca/guides/apply-british-columbia-grants","https://www.fsidigital.ca/guides/apply-british-columbia-grants","index, follow","NONE",false,false,true,true,"OK"
"https://www.fsidigital.ca/download/sif-application-kit",200,"https://www.fsidigital.ca/download/sif-application-kit","https://www.fsidigital.ca/download/sif-application-kit","index, follow","NONE",false,false,true,true,"OK"
"https://www.fsidigital.ca/guides/apply-regional-development-agencies",200,"https://www.fsidigital.ca/guides/apply-regional-development-agencies","https://www.fsidigital.ca/guides/apply-regional-development-agencies","index, follow","NONE",false,false,true,true,"OK"
"https://www.fsidigital.ca/blog/csbfp-canada-small-business-financing-program",200,"https://www.fsidigital.ca/blog/csbfp-canada-small-business-financing-program","https://www.fsidigital.ca/blog/csbfp-canada-small-business-financing-program","index, follow","NONE",true,true,true,true,"OK"
"https://www.fsidigital.ca/blog/canada-startup-funding-grants-guide",200,"https://www.fsidigital.ca/blog/canada-startup-funding-grants-guide","https://www.fsidigital.ca/blog/canada-startup-funding-grants-guide","index, follow","NONE",true,true,true,true,"OK"
"https://www.fsidigital.ca/blog/ontario-women-business-grants",200,"https://www.fsidigital.ca/blog/ontario-women-business-grants","https://www.fsidigital.ca/blog/ontario-women-business-grants","index, follow","NONE",true,true,true,true,"OK"
"https://www.fsidigital.ca/blog/british-columbia-innovation-grants",200,"https://www.fsidigital.ca/blog/british-columbia-innovation-grants","https://www.fsidigital.ca/blog/british-columbia-innovation-grants","index, follow","NONE",true,true,true,true,"OK"
"https://www.fsidigital.ca/blog/alberta-women-business-grants",200,"https://www.fsidigital.ca/blog/alberta-women-business-grants","https://www.fsidigital.ca/blog/alberta-women-business-grants","index, follow","NONE",true,true,true,true,"OK"
"https://www.fsidigital.ca/guides/canada-cleantech-funding-guide",200,"https://www.fsidigital.ca/guides/canada-cleantech-funding-guide","https://www.fsidigital.ca/guides/canada-cleantech-funding-guide","index, follow","NONE",false,false,true,true,"OK"
"https://www.fsidigital.ca/blog/canada-irap-grants-2026",200,"https://www.fsidigital.ca/blog/canada-irap-grants-2026","https://www.fsidigital.ca/blog/canada-irap-grants-2026","index, follow","NONE",true,true,true,true,"OK"
"https://www.fsidigital.ca/blog/saskatchewan-business-grants-2026",200,"https://www.fsidigital.ca/blog/saskatchewan-business-grants-2026","https://www.fsidigital.ca/blog/saskatchewan-business-grants-2026","index, follow","NONE",true,true,true,true,"OK"
"https://www.fsidigital.ca/blog/canada-growth-expansion-grants-guide",200,"https://www.fsidigital.ca/blog/canada-growth-expansion-grants-guide","https://www.fsidigital.ca/blog/canada-growth-expansion-grants-guide","index, follow","NONE",true,true,true,true,"OK"
"https://www.fsidigital.ca/blog/manufacturing-grants-2026-archive",200,"https://www.fsidigital.ca/blog/manufacturing-grants-2026","https://www.fsidigital.ca/blog/manufacturing-grants-2026","index, follow","NONE",true,true,true,false,"⚠️ CANONICAL MISMATCH: https://www.fsidigital.ca/blog/manufacturing-grants-2026"
"https://www.fsidigital.ca/blog/manufacturing-grants-2026",200,"https://www.fsidigital.ca/blog/manufacturing-grants-2026","https://www.fsidigital.ca/blog/manufacturing-grants-2026","index, follow","NONE",true,true,true,true,"OK"
"https://www.fsidigital.ca/grants/ca/san-francisco/technology",200,"https://www.fsidigital.ca/grants/ca/san-francisco/technology","https://www.fsidigital.ca/grants/ca/san-francisco/technology","index, follow","NONE",false,true,true,true,"OK"
"https://www.fsidigital.ca/download/nsf-sbir-grants-guide",200,"https://www.fsidigital.ca/download/nsf-sbir-grants-guide","https://www.fsidigital.ca/download/nsf-sbir-grants-guide","index, follow","NONE",false,false,true,true,"OK"
"https://www.fsidigital.ca/blog/quebec-women-business-grants",200,"https://www.fsidigital.ca/blog/quebec-women-business-grants","https://www.fsidigital.ca/blog/quebec-women-business-grants","index, follow","NONE",true,true,true,true,"OK"
"https://www.fsidigital.ca/blog/bc-small-business-grants-guide",200,"https://www.fsidigital.ca/blog/bc-small-business-grants-guide","https://www.fsidigital.ca/blog/bc-small-business-grants-guide","index, follow","NONE",true,true,true,true,"OK"
"https://www.fsidigital.ca/canada/agriculture-startup-funding",200,"https://www.fsidigital.ca/canada/agriculture-startup-funding","MISSING","index, follow","NONE",false,false,true,true,"⚠️ CANONICAL MISMATCH: MISSING"
"https://www.fsidigital.ca/blog/veterans-business-grants-2026-archive",200,"https://www.fsidigital.ca/blog/veterans-business-grants-2026","https://www.fsidigital.ca/blog/veterans-business-grants-2026","index, follow","NONE",true,true,true,false,"⚠️ CANONICAL MISMATCH: https://www.fsidigital.ca/blog/veterans-business-grants-2026"