Top pages,Clicks,Impressions,CTR,Position
https://www.fsidigital.ca/grants/on/toronto/restaurants-hospitality,13,546,2.38%,7.95
https://www.fsidigital.ca/blog/veteran-business-funding-canada-2026,9,447,2.01%,12.95
https://www.fsidigital.ca/grants/mb/winnipeg/non-profits,8,212,3.77%,13.96
https://www.fsidigital.ca/blog/dod-sbir-defense-tech-grants,6,683,0.88%,9.34
https://www.fsidigital.ca/blog/7-startup-accelerators-california-free-money,6,372,1.61%,12.6
https://www.fsidigital.ca/grants/bc/vancouver/women-entrepreneurs,5,541,0.92%,20.23
https://www.fsidigital.ca/grants/ab/calgary/restaurants-hospitality,5,157,3.18%,12.76
https://www.fsidigital.ca/grants/qc/montreal/women-entrepreneurs,4,777,0.51%,18.32
https://www.fsidigital.ca/,4,670,0.6%,18.96
https://www.fsidigital.ca/usa/california,4,387,1.03%,40
https://www.fsidigital.ca/blog/healthcare-grants-2026,4,314,1.27%,8.48
https://www.fsidigital.ca/grants/on/toronto/construction,4,213,1.88%,13.63
https://www.fsidigital.ca/blog/women-technology-grants-canada,4,156,2.56%,29.65
https://www.fsidigital.ca/usa/arkansas,4,139,2.88%,13.17
https://www.fsidigital.ca/blog/canada-aerospace-defence-innovation-grants,4,76,5.26%,17.21
https://www.fsidigital.ca/blog/canada-startup-funding-grants-guide,3,432,0.69%,39.65
https://www.fsidigital.ca/grants/on/toronto/education,3,126,2.38%,10.4
https://www.fsidigital.ca/grants/mb/winnipeg/restaurants-hospitality,3,90,3.33%,14.64
https://www.fsidigital.ca/partners,3,34,8.82%,11.71
https://www.fsidigital.ca/grants/az/phoenix/logistics,3,10,30%,10.7
https://www.fsidigital.ca/blog/canada-federal-grants,2,1470,0.14%,34.63
https://www.fsidigital.ca/usa/minnesota,2,1242,0.16%,10.29
https://www.fsidigital.ca/canada/women-business-grants,2,839,0.24%,41.28
https://www.fsidigital.ca/canada/innovation-grants,2,491,0.41%,39.28
https://www.fsidigital.ca/grants/ca/san-francisco/technology,2,338,0.59%,20.35
https://www.fsidigital.ca/usa/oregon,2,274,0.73%,17.62
https://www.fsidigital.ca/grants/bc/vancouver/non-profits,2,182,1.1%,32.71
https://www.fsidigital.ca/grants/ab/calgary/minority-owned,2,142,1.41%,31.89
https://www.fsidigital.ca/grants/industry/saas-companies,2,136,1.47%,10.99
https://www.fsidigital.ca/grants/bc/surrey/manufacturing,2,131,1.53%,22.73
https://www.fsidigital.ca/canada/green-energy-grants,2,131,1.53%,29.87
https://www.fsidigital.ca/grants/on/ottawa/women-entrepreneurs,2,119,1.68%,21.24
https://www.fsidigital.ca/blog/hardware-iot-startup-grants,2,83,2.41%,11.92
https://www.fsidigital.ca/blog/regional-development-agencies-government-grants,2,82,2.44%,9.3
https://www.fsidigital.ca/about,2,51,3.92%,7
https://www.fsidigital.ca/grants/ab/calgary/women-entrepreneurs,2,50,4%,9.98
https://www.fsidigital.ca/grants/mn/minneapolis/restaurants-hospitality,2,29,6.9%,16.83
https://www.fsidigital.ca/grants/ny/new-york-city/restaurants-hospitality,2,22,9.09%,7.95
https://www.fsidigital.ca/grants/ca/oakland/non-profits,2,19,10.53%,9.21
https://www.fsidigital.ca/grants/on/mississauga/logistics,2,11,18.18%,6.91
https://www.fsidigital.ca/grants/ca/san-francisco/minority-owned,2,11,18.18%,12.18
https://www.fsidigital.ca/grants/on/brampton/construction,2,11,18.18%,18.64
https://www.fsidigital.ca/grants/ma/boston/restaurants-hospitality,2,10,20%,7.4
https://www.fsidigital.ca/programs/qc-digital-growth,2,9,22.22%,15.11
https://www.fsidigital.ca/grants/ns/halifax/manufacturing,2,6,33.33%,4.67
https://www.fsidigital.ca/grants/wi/milwaukee/restaurants-hospitality,2,6,33.33%,10.5
https://www.fsidigital.ca/programs/mb-digital-growth,2,6,33.33%,11.5
https://www.fsidigital.ca/grants/on/ottawa/minority-owned,2,4,50%,7.75
https://www.fsidigital.ca/blog/nih-sbir-biotech-grants,1,1940,0.05%,8.72
https://www.fsidigital.ca/blog/alberta-small-business-grants-guide,1,1193,0.08%,30.25
https://www.fsidigital.ca/canada/indigenous-entrepreneur-grants,1,600,0.17%,26.45
https://www.fsidigital.ca/usa/missouri,1,573,0.17%,15.67
https://www.fsidigital.ca/usa/ohio,1,565,0.18%,16.81
https://www.fsidigital.ca/canada,1,542,0.18%,42.66
https://www.fsidigital.ca/grants/bc/vancouver/technology,1,437,0.23%,20.14
https://www.fsidigital.ca/blog/women-entrepreneurship-grants-2026,1,400,0.25%,46.02
https://www.fsidigital.ca/usa/washington,1,379,0.26%,14.93
https://www.fsidigital.ca/grants/mi/detroit/minority-owned,1,309,0.32%,12.54
https://www.fsidigital.ca/usa/minnesota/minneapolis,1,292,0.34%,24.9
https://www.fsidigital.ca/usa/nevada,1,272,0.37%,10.67
https://www.fsidigital.ca/blog/bc-women-business-grants,1,268,0.37%,61.03
https://www.fsidigital.ca/blog/saskatchewan-small-business-grants-guide,1,244,0.41%,36.82
https://www.fsidigital.ca/topics/canada-digital-adoption-program-grant,1,238,0.42%,47.12
https://www.fsidigital.ca/blog/irap-industrial-research-assistance-program,1,233,0.43%,20.66
https://www.fsidigital.ca/blog/canada-digital-ai-innovation-grants,1,198,0.51%,45.1
https://www.fsidigital.ca/usa/kentucky,1,164,0.61%,12.64
https://www.fsidigital.ca/usa/texas/houston,1,150,0.67%,23.61
https://www.fsidigital.ca/guides/nserc-research-grants-guide,1,148,0.68%,12.66
https://www.fsidigital.ca/grants/il/chicago/women-entrepreneurs,1,143,0.7%,11.92
https://www.fsidigital.ca/blog/women-entrepreneurship-strategy-canada,1,135,0.74%,9.48
https://www.fsidigital.ca/programs/irap-grant,1,120,0.83%,49.02
https://www.fsidigital.ca/grants/on/toronto/healthcare,1,99,1.01%,17.97
https://www.fsidigital.ca/usa/south-carolina,1,73,1.37%,17.58
https://www.fsidigital.ca/grants/ma/boston/women-entrepreneurs,1,72,1.39%,8.57
https://www.fsidigital.ca/grants/ca/san-francisco/women-entrepreneurs,1,62,1.61%,28.85
https://www.fsidigital.ca/download/massachusetts-tech-guide,1,62,1.61%,42.55
https://www.fsidigital.ca/grants/wa/seattle/women-entrepreneurs,1,58,1.72%,8.52
https://www.fsidigital.ca/grants/ab/edmonton/non-profits,1,54,1.85%,30.11
https://www.fsidigital.ca/download/hardware-iot-grants-guide,1,51,1.96%,16.08
https://www.fsidigital.ca/download/nserc-research-grants-guide,1,51,1.96%,20.9
https://www.fsidigital.ca/usa/massachusetts,1,50,2%,8.02
https://www.fsidigital.ca/grants/mn/minneapolis/women-entrepreneurs,1,47,2.13%,11.49
https://www.fsidigital.ca/programs/qc-tech-innovation,1,47,2.13%,36.36
https://www.fsidigital.ca/grants/nv/north-las-vegas/veterans,1,44,2.27%,7.27
https://www.fsidigital.ca/grants/oh/cincinnati/women-entrepreneurs,1,44,2.27%,8.41
https://www.fsidigital.ca/grants/on/barrie/agriculture,1,43,2.33%,58.7
https://www.fsidigital.ca/grants,1,42,2.38%,14.88
https://www.fsidigital.ca/download/usda-sbir-agtech-guide,1,40,2.5%,11.38
https://www.fsidigital.ca/grant-finder,1,38,2.63%,9.5
https://www.fsidigital.ca/database,1,38,2.63%,28.42
https://www.fsidigital.ca/grants/co/denver/veterans,1,37,2.7%,8.22
https://www.fsidigital.ca/calculator,1,36,2.78%,8.64
https://www.fsidigital.ca/grants/ab/calgary/logistics,1,36,2.78%,13.22
https://www.fsidigital.ca/grants/fl/jacksonville/construction,1,35,2.86%,21.97
https://www.fsidigital.ca/grants/ma/boston/minority-owned,1,33,3.03%,6.48
https://www.fsidigital.ca/grants/fl/orlando/technology,1,33,3.03%,9.06
https://www.fsidigital.ca/compare/nsf-vs-nih-sbir,1,31,3.23%,7.48
https://www.fsidigital.ca/grants/wa/seattle/restaurants-hospitality,1,27,3.7%,5.7
https://www.fsidigital.ca/terms,1,25,4%,3.96
https://www.fsidigital.ca/grants/nc/durham/agriculture,1,25,4%,8.56
https://www.fsidigital.ca/grants/ma/boston/education,1,24,4.17%,6.21
https://www.fsidigital.ca/download/women-clean-technology-grants-guide,1,23,4.35%,5.39
https://www.fsidigital.ca/grants/oh/columbus/education,1,21,4.76%,9.71
https://www.fsidigital.ca/grants/nv/north-las-vegas/women-entrepreneurs,1,20,5%,7.5
https://www.fsidigital.ca/grants/bc/burnaby/non-profits,1,20,5%,15.1
https://www.fsidigital.ca/grants/industry/biotech-pharma,1,20,5%,46.15
https://www.fsidigital.ca/grants/qc/montreal/healthcare,1,18,5.56%,13.44
https://www.fsidigital.ca/grants/az/tucson/construction,1,17,5.88%,4.18
https://www.fsidigital.ca/grants/qc/montreal/restaurants-hospitality,1,17,5.88%,6.65
https://www.fsidigital.ca/blog/scotiabank-women-initiative,1,17,5.88%,9.35
https://www.fsidigital.ca/grants/ca/los-angeles/restaurants-hospitality,1,16,6.25%,8.56
https://www.fsidigital.ca/grants/bc/vancouver/retail,1,16,6.25%,17.5
https://www.fsidigital.ca/grants/nc/durham/minority-owned,1,15,6.67%,6.07
https://www.fsidigital.ca/grants/tx/el-paso/women-entrepreneurs,1,15,6.67%,6.27
https://www.fsidigital.ca/grants/fl/tampa/technology,1,15,6.67%,9.4
https://www.fsidigital.ca/grants/tx/houston/restaurants-hospitality,1,15,6.67%,9.47
https://www.fsidigital.ca/grants/tx/austin/non-profits,1,15,6.67%,10.67
https://www.fsidigital.ca/canada/agriculture-startup-funding,1,15,6.67%,23.73
https://www.fsidigital.ca/grants/fl/miami/women-entrepreneurs,1,14,7.14%,8.57
https://www.fsidigital.ca/grants/tx/houston/minority-owned,1,13,7.69%,7.46
https://www.fsidigital.ca/grants/nc/durham/restaurants-hospitality,1,13,7.69%,8.31
https://www.fsidigital.ca/grants/az/phoenix/construction,1,13,7.69%,14.92
https://www.fsidigital.ca/grants/ca/san-bernardino/women-entrepreneurs,1,12,8.33%,5.58
https://www.fsidigital.ca/grants/nc/raleigh/education,1,12,8.33%,8.58
https://www.fsidigital.ca/programs/bc-tech-innovation,1,12,8.33%,11
https://www.fsidigital.ca/grants/tx/dallas/technology,1,11,9.09%,7.27
https://www.fsidigital.ca/grants/id/boise/veterans,1,11,9.09%,8.64
https://www.fsidigital.ca/grants/va/norfolk/women-entrepreneurs,1,11,9.09%,9.64
https://www.fsidigital.ca/grants/nv/reno/women-entrepreneurs,1,11,9.09%,11.91
https://www.fsidigital.ca/grants/qc/laval/non-profits,1,11,9.09%,15.36
https://www.fsidigital.ca/grants/industry/ontario-healthcare,1,11,9.09%,15.45
https://www.fsidigital.ca/grants/ns/halifax/veterans,1,10,10%,6.6
https://www.fsidigital.ca/grants/industry/ontario-saas,1,10,10%,7.3
https://www.fsidigital.ca/grants/mb/winnipeg/education,1,10,10%,7.3
https://www.fsidigital.ca/grants/nv/reno/construction,1,9,11.11%,6
https://www.fsidigital.ca/grants/nc/charlotte/restaurants-hospitality,1,9,11.11%,6.89
https://www.fsidigital.ca/download/women-technology-grants-guide,1,9,11.11%,7.56
https://www.fsidigital.ca/grants/nj/jersey-city/restaurants-hospitality,1,9,11.11%,8.56
https://www.fsidigital.ca/grants/mn/minneapolis/arts-entertainment,1,9,11.11%,8.89
https://www.fsidigital.ca/programs/nl-tech-innovation,1,8,12.5%,5.12
https://www.fsidigital.ca/grants/ny/syracuse/education,1,8,12.5%,6.38
https://www.fsidigital.ca/grants/az/scottsdale/logistics,1,8,12.5%,7.62
https://www.fsidigital.ca/grants/ny/buffalo/arts-entertainment,1,8,12.5%,8.75
https://www.fsidigital.ca/download/bc-women-business-grants-guide,1,8,12.5%,33.75
https://www.fsidigital.ca/grants/on/hamilton/restaurants-hospitality,1,7,14.29%,5.57
https://www.fsidigital.ca/programs/ns-digital-growth,1,7,14.29%,5.71
https://www.fsidigital.ca/grants/nc/charlotte/healthcare,1,7,14.29%,7.29
https://www.fsidigital.ca/grants/ab/calgary/agriculture,1,7,14.29%,20.14
https://www.fsidigital.ca/download/irap-government-application-kit,1,7,14.29%,27.71
https://www.fsidigital.ca/authors/ashwani-kumar,1,6,16.67%,3.83
https://www.fsidigital.ca/grants/nc/greensboro/healthcare,1,6,16.67%,5.83
https://www.fsidigital.ca/grants/ca/chula-vista/retail,1,6,16.67%,7.33
https://www.fsidigital.ca/programs/sk-digital-growth,1,6,16.67%,8.17
https://www.fsidigital.ca/grants/tx/fort-worth/veterans,1,6,16.67%,9.17
https://www.fsidigital.ca/grants/nc/durham/retail,1,6,16.67%,10
https://www.fsidigital.ca/grants/mo/st-louis/minority-owned,1,6,16.67%,13.5
https://www.fsidigital.ca/grants/mi/detroit/education,1,6,16.67%,14.83
https://www.fsidigital.ca/programs/fl-digital-growth,1,5,20%,3
https://www.fsidigital.ca/grants/fl/fort-lauderdale/logistics,1,5,20%,5.8
https://www.fsidigital.ca/grants/oh/cincinnati/non-profits,1,5,20%,5.8
https://www.fsidigital.ca/grants/hi/honolulu/arts-entertainment,1,5,20%,6.4
https://www.fsidigital.ca/grants/ca/riverside/veterans,1,5,20%,7
https://www.fsidigital.ca/grants/ab/edmonton/agriculture,1,5,20%,7.2
https://www.fsidigital.ca/grants/co/denver/manufacturing,1,5,20%,8.2
https://www.fsidigital.ca/grants/hi/honolulu/restaurants-hospitality,1,5,20%,9.2
https://www.fsidigital.ca/programs/ga-digital-growth,1,5,20%,9.4
https://www.fsidigital.ca/programs/tx-digital-growth,1,4,25%,2.25
https://www.fsidigital.ca/grants/fl/orlando/manufacturing,1,4,25%,6.5
https://www.fsidigital.ca/grants/mn/saint-paul/restaurants-hospitality,1,4,25%,14.5
https://www.fsidigital.ca/grants/nj/newark/women-entrepreneurs,1,4,25%,15.25
https://www.fsidigital.ca/grants/il/chicago/construction,1,4,25%,20.5
https://www.fsidigital.ca/usa/new-jersey/jersey-city,1,4,25%,34.5
https://www.fsidigital.ca/grants/id/boise/restaurants-hospitality,1,3,33.33%,4.67
https://www.fsidigital.ca/grants/ok/oklahoma-city/restaurants-hospitality,1,3,33.33%,5
https://www.fsidigital.ca/guides/women-entrepreneurship-fund-guide,1,3,33.33%,6.67
https://www.fsidigital.ca/grants/ca/riverside/agriculture,1,3,33.33%,7.67
https://www.fsidigital.ca/grants/va/chesapeake/manufacturing,1,3,33.33%,8.33
https://www.fsidigital.ca/grants/ca/torrance/minority-owned,1,3,33.33%,9.67
https://www.fsidigital.ca/grants/bc/new-westminster,1,3,33.33%,10
https://www.fsidigital.ca/grants/tx/tyler/construction,1,3,33.33%,12.67
https://www.fsidigital.ca/grants/ak/juneau/restaurants-hospitality,1,3,33.33%,21
https://www.fsidigital.ca/grants/wi/madison/agriculture,1,2,50%,3.5
https://www.fsidigital.ca/grants/ny/syracuse/women-entrepreneurs,1,2,50%,6.5
https://www.fsidigital.ca/grants/oh/cleveland/construction,1,2,50%,6.5
https://www.fsidigital.ca/grants/pa/pittsburgh,1,2,50%,61
https://www.fsidigital.ca/grants/az/scottsdale/technology,1,1,100%,5
https://www.fsidigital.ca/grants/sc/charleston/non-profits,1,1,100%,9
https://www.fsidigital.ca/grants/ga/atlanta/minority-owned,1,1,100%,12
https://www.fsidigital.ca/usa/rhode-island/pawtucket,1,1,100%,16
https://www.fsidigital.ca/grants/ok,1,1,100%,23
https://www.fsidigital.ca/canada/small-business-grants,0,2115,0%,62.11
https://www.fsidigital.ca/blog/csbfp-canada-small-business-financing-program,0,1708,0%,63.96
https://www.fsidigital.ca/usa/new-york,0,1019,0%,52
https://www.fsidigital.ca/blog/nsf-sbir-grants-technology-startups,0,879,0%,11.8
https://www.fsidigital.ca/canada/government-grants,0,730,0%,60.06
https://www.fsidigital.ca/guides/apply-small-business-grants,0,521,0%,81.18
https://www.fsidigital.ca/usa/technology-startup-grants,0,405,0%,15.34
https://www.fsidigital.ca/blog/colorado-tech-programs,0,339,0%,10.12
https://www.fsidigital.ca/blog/quebec-small-business-grants-guide,0,325,0%,12.07
https://www.fsidigital.ca/usa,0,276,0%,20.07
https://www.fsidigital.ca/grants/ny/new-york-city/education,0,269,0%,9.83
https://www.fsidigital.ca/usa/rhode-island,0,240,0%,19.33
https://www.fsidigital.ca/usa/iowa,0,229,0%,30.91
https://www.fsidigital.ca/usa/wisconsin,0,226,0%,27.51
https://www.fsidigital.ca/usa/ohio/cincinnati,0,218,0%,36.43
https://www.fsidigital.ca/grants/ca/garden-grove/education,0,204,0%,16.38
https://www.fsidigital.ca/download/alberta-women-business-grants-guide,0,194,0%,52.39
https://www.fsidigital.ca/blog/canada-irap-grants-2026,0,185,0%,35.42
https://www.fsidigital.ca/topics/startup-grants-canada,0,172,0%,53.01
https://www.fsidigital.ca/usa/louisiana,0,170,0%,28.45
https://www.fsidigital.ca/grants/il/chicago/restaurants-hospitality,0,169,0%,17.63
https://www.fsidigital.ca/blog/bc-small-business-grants-guide,0,162,0%,68.63
https://www.fsidigital.ca/guides,0,156,0%,52.4
https://www.fsidigital.ca/blog/youth-entrepreneurship-canada-funding,0,152,0%,17.38
https://www.fsidigital.ca/grants/on/ottawa/non-profits,0,151,0%,39.64
https://www.fsidigital.ca/blog/usda-sbir-agtech-grants,0,149,0%,7.5
https://www.fsidigital.ca/blog/sba-microloans-complete-guide,0,139,0%,38.71
https://www.fsidigital.ca/blog/ai-machine-learning-grants,0,134,0%,20.16
https://www.fsidigital.ca/grants/location/ontario,0,127,0%,57.82
https://www.fsidigital.ca/usa/arizona,0,126,0%,28.17
https://www.fsidigital.ca/grants/pa/philadelphia/women-entrepreneurs,0,114,0%,8.53
https://www.fsidigital.ca/download/amber-grant-women-application-guide,0,111,0%,15.03
https://www.fsidigital.ca/grants/va/chesapeake/arts-entertainment,0,105,0%,8.55
https://www.fsidigital.ca/blog/sba-loans-grants-guide,0,103,0%,39.49
https://www.fsidigital.ca/usa/federal-grants,0,100,0%,58.56
https://www.fsidigital.ca/download/new-york-tech-guide,0,92,0%,29.79
https://www.fsidigital.ca/blog/nasa-sbir-space-tech-grants,0,91,0%,9.16
https://www.fsidigital.ca/grants/az/chandler/retail,0,89,0%,9.66
https://www.fsidigital.ca/grants/qc/saint-hyacinthe/construction,0,88,0%,36.12
https://www.fsidigital.ca/blog/canada-agriculture-agrifood-grants-guide,0,86,0%,26.92
https://www.fsidigital.ca/usa/women-entrepreneurs-grants,0,83,0%,22.82
https://www.fsidigital.ca/programs/canexport,0,83,0%,32.95
https://www.fsidigital.ca/download/nasa-sbir-space-tech-guide,0,82,0%,11.94
https://www.fsidigital.ca/guides/canada-digital-ai-funding-guide,0,79,0%,21.95
https://www.fsidigital.ca/download/california-tech-guide,0,77,0%,12.55
https://www.fsidigital.ca/usa/vermont/brattleboro,0,74,0%,17.92
https://www.fsidigital.ca/grants/ny/new-york-city/women-entrepreneurs,0,73,0%,69.71
https://www.fsidigital.ca/blog/indigenous-business-development-2026,0,72,0%,12.93
https://www.fsidigital.ca/usa/north-carolina,0,71,0%,13.85
https://www.fsidigital.ca/usa/michigan/grand-rapids,0,70,0%,18.23
https://www.fsidigital.ca/grants/ca/san-diego/retail,0,69,0%,27.03
https://www.fsidigital.ca/programs/mitacs-accelerate,0,68,0%,8.26
https://www.fsidigital.ca/download/software-saas-grants-guide,0,64,0%,9.48
https://www.fsidigital.ca/blog/bmo-celebrating-women-grant,0,64,0%,10.23
https://www.fsidigital.ca/blog/amber-grant-women-canada,0,62,0%,11.21
https://www.fsidigital.ca/usa/small-business-grants,0,62,0%,18.5
https://www.fsidigital.ca/download/indigenous-women-business-grants-guide,0,58,0%,46.62
https://www.fsidigital.ca/blog/massachusetts-tech-programs,0,57,0%,11
https://www.fsidigital.ca/grants/ca/los-angeles/non-profits,0,57,0%,18.42
https://www.fsidigital.ca/usa/washington/bellevue,0,56,0%,16.89
https://www.fsidigital.ca/blog/women-entrepreneurship-loan-fund-canada,0,55,0%,25.85
https://www.fsidigital.ca/blog/alberta-women-business-grants,0,55,0%,46.44
https://www.fsidigital.ca/grants/industry/retail-ecommerce,0,54,0%,51.5
https://www.fsidigital.ca/grants/az/phoenix/veterans,0,53,0%,6.87
https://www.fsidigital.ca/about-founder,0,52,0%,8.23
https://www.fsidigital.ca/download/colorado-tech-guide,0,52,0%,9.33
https://www.fsidigital.ca/download/ai-ml-grants-guide,0,50,0%,14.86
https://www.fsidigital.ca/program-updates,0,49,0%,9.57
https://www.fsidigital.ca/download/sif-application-kit,0,49,0%,11.96
https://www.fsidigital.ca/guides/irap-innovation-application-guide,0,48,0%,29.33
https://www.fsidigital.ca/topics/how-to-apply-government-grants-canada,0,47,0%,15.91
https://www.fsidigital.ca/contact,0,47,0%,31.23
https://www.fsidigital.ca/download/quebec-business-grants-kit,0,47,0%,32.28
https://www.fsidigital.ca/grants/tx/san-antonio/women-entrepreneurs,0,46,0%,8.74
https://www.fsidigital.ca/blog,0,46,0%,10.85
https://www.fsidigital.ca/download/dod-sbir-defense-tech-guide,0,46,0%,13.43
https://www.fsidigital.ca/grants/va/richmond/arts-entertainment,0,44,0%,4.23
https://www.fsidigital.ca/programs/sif,0,42,0%,8.07
https://www.fsidigital.ca/grants/fl/orlando/women-entrepreneurs,0,42,0%,22.9
https://www.fsidigital.ca/guides/apply-ontario-business-grants,0,42,0%,61.93
https://www.fsidigital.ca/grants/il/chicago/technology,0,41,0%,7.68
https://www.fsidigital.ca/grants/tx/dallas/women-entrepreneurs,0,41,0%,9.41
https://www.fsidigital.ca/grants/ak/anchorage/women-entrepreneurs,0,41,0%,13.85
https://www.fsidigital.ca/grants/qc/montreal/technology,0,40,0%,7.47
https://www.fsidigital.ca/grants/oh/toledo/non-profits,0,40,0%,7.6
https://www.fsidigital.ca/compare/mitacs-vs-irap,0,40,0%,9.88
https://www.fsidigital.ca/topics/irap-funding-eligibility,0,39,0%,9.41
https://www.fsidigital.ca/blog/canada-technology-adoption-grants-guide,0,39,0%,17.64
https://www.fsidigital.ca/grants/mi/detroit/women-entrepreneurs,0,38,0%,8.13
https://www.fsidigital.ca/guides/canada-manufacturing-funding-guide,0,38,0%,25.53
https://www.fsidigital.ca/grants/va/norfolk/retail,0,37,0%,8.62
https://www.fsidigital.ca/topics/export-grants-canada,0,36,0%,32.64
https://www.fsidigital.ca/guides/apply-doe-clean-energy-grants,0,35,0%,11.31
https://www.fsidigital.ca/grants/ky/louisville/women-entrepreneurs,0,34,0%,16.35
https://www.fsidigital.ca/grants/wi/milwaukee/manufacturing,0,34,0%,31.12
https://www.fsidigital.ca/grants/va/norfolk-virginia-beach/arts-entertainment,0,33,0%,7.61
https://www.fsidigital.ca/grants/oh/columbus/women-entrepreneurs,0,33,0%,8.15
https://www.fsidigital.ca/grants/nj/jersey-city/women-entrepreneurs,0,33,0%,11.3
https://www.fsidigital.ca/grants/nv/north-las-vegas/restaurants-hospitality,0,32,0%,6.16
https://www.fsidigital.ca/grants/nc/durham/veterans,0,32,0%,9.38
https://www.fsidigital.ca/blog/canexport-grants-2026,0,32,0%,11.34
https://www.fsidigital.ca/grants/ny/new-york-city/healthcare,0,32,0%,40.22
https://www.fsidigital.ca/grants/oh/cleveland/women-entrepreneurs,0,31,0%,7.35
https://www.fsidigital.ca/download/bdc-women-entrepreneurs-financing-guide,0,31,0%,8.32
https://www.fsidigital.ca/grants/il/chicago/non-profits,0,31,0%,15.74
https://www.fsidigital.ca/grants/ab/airdrie/technology,0,31,0%,17.77
https://www.fsidigital.ca/download/nih-sbir-biotech-guide,0,31,0%,24.97
https://www.fsidigital.ca/grants/pa/philadelphia/veterans,0,30,0%,8.13
https://www.fsidigital.ca/grants/bc/victoria/non-profits,0,30,0%,10.37
https://www.fsidigital.ca/grants/id/boise/non-profits,0,30,0%,10.37
https://www.fsidigital.ca/usa/massachusetts/worcester,0,30,0%,10.4
https://www.fsidigital.ca/usa/idaho,0,30,0%,10.53
https://www.fsidigital.ca/compare/sba-vs-reap,0,30,0%,24.57
https://www.fsidigital.ca/grants/mo/st-louis/manufacturing,0,30,0%,38.23
https://www.fsidigital.ca/grants/nl/mount-pearl/restaurants-hospitality,0,30,0%,38.83
https://www.fsidigital.ca/programs/cdap,0,30,0%,62.13
https://www.fsidigital.ca/grants/ca/ontario-ca,0,30,0%,70.57
https://www.fsidigital.ca/grants/il/chicago/minority-owned,0,29,0%,8.17
https://www.fsidigital.ca/grants/nm/albuquerque/women-entrepreneurs,0,29,0%,8.72
https://www.fsidigital.ca/topics/bdc-small-business-loans,0,29,0%,32.17
https://www.fsidigital.ca/privacy,0,28,0%,7.36
https://www.fsidigital.ca/grants/oh/canton/retail,0,28,0%,7.46
https://www.fsidigital.ca/grants/nc/greensboro/non-profits,0,28,0%,14.43
https://www.fsidigital.ca/download/clean-tech-energy-grants-guide,0,28,0%,23.57
https://www.fsidigital.ca/download/sba-application-checklist,0,28,0%,26.32
https://www.fsidigital.ca/topics/minority-business-grants-canada,0,28,0%,26.75
https://www.fsidigital.ca/grants/location/british-columbia,0,28,0%,29.32
https://www.fsidigital.ca/blog/new-york-business-grants-2026,0,27,0%,8.48
https://www.fsidigital.ca/grants/pa/philadelphia/technology,0,27,0%,9.48
https://www.fsidigital.ca/guides/apply-irap-grants,0,27,0%,19.3
https://www.fsidigital.ca/grants/qc/montreal/retail,0,26,0%,8.15
https://www.fsidigital.ca/usa/alabama/huntsville,0,26,0%,10.27
https://www.fsidigital.ca/grants/fl/tampa/restaurants-hospitality,0,26,0%,11.54
https://www.fsidigital.ca/grants/tx/corpus-christi,0,26,0%,74.73
https://www.fsidigital.ca/usa/ohio/columbus,0,25,0%,7.8
https://www.fsidigital.ca/grants/in/indianapolis/technology,0,25,0%,8.12
https://www.fsidigital.ca/grants/mi/detroit/veterans,0,25,0%,8.72
https://www.fsidigital.ca/grants/pa/allentown-lehigh-valley/retail,0,25,0%,12.32
https://www.fsidigital.ca/blog/sbir-sttr-complete-guide,0,25,0%,23.72
https://www.fsidigital.ca/blog/veterans-business-grants-2026,0,25,0%,38.84
https://www.fsidigital.ca/grants/ca/los-angeles/women-entrepreneurs,0,25,0%,41.36
https://www.fsidigital.ca/disclaimer,0,24,0%,5.58
https://www.fsidigital.ca/grants/oh/cincinnati/technology,0,24,0%,7.25
https://www.fsidigital.ca/grants/oh/columbus/technology,0,24,0%,7.38
https://www.fsidigital.ca/usa/new-hampshire,0,24,0%,7.92
https://www.fsidigital.ca/grants/va/norfolk/non-profits,0,24,0%,8.5
https://www.fsidigital.ca/usa/tennessee/nashville,0,24,0%,9.21
https://www.fsidigital.ca/download,0,24,0%,11.92
https://www.fsidigital.ca/grants/on/toronto/manufacturing,0,24,0%,40.25
https://www.fsidigital.ca/grants/on/ottawa/construction,0,23,0%,7.52
https://www.fsidigital.ca/grants/ca/san-diego/women-entrepreneurs,0,23,0%,7.83
https://www.fsidigital.ca/guides/apply-regional-development-agencies,0,23,0%,8.96
https://www.fsidigital.ca/about/author,0,23,0%,9
https://www.fsidigital.ca/usa/california/san-diego,0,23,0%,10.87
https://www.fsidigital.ca/grants/la/baton-rouge/non-profits,0,23,0%,12.04
https://www.fsidigital.ca/grants/qc/montreal/non-profits,0,23,0%,12.7
https://www.fsidigital.ca/download/bmo-celebrating-women-grant-guide,0,23,0%,12.83
https://www.fsidigital.ca/grants/tx/fort-worth/women-entrepreneurs,0,23,0%,13.61
https://www.fsidigital.ca/download/doe-sbir-clean-energy-guide,0,23,0%,16.87
https://www.fsidigital.ca/grants/tx/dallas/restaurants-hospitality,0,22,0%,7.77
https://www.fsidigital.ca/grants/mt/missoula/retail,0,22,0%,8.05
https://www.fsidigital.ca/grants/ny/mount-vernon/non-profits,0,22,0%,10.86
https://www.fsidigital.ca/grants/nc/raleigh/logistics,0,22,0%,13.27
https://www.fsidigital.ca/grants/ny/syracuse/non-profits,0,22,0%,16.59
https://www.fsidigital.ca/grants/industry/bc-technology,0,22,0%,18.36
https://www.fsidigital.ca/guides/apply-youth-entrepreneurship-funding,0,22,0%,19.45
https://www.fsidigital.ca/download/youth-entrepreneurship-kit,0,22,0%,19.59
https://www.fsidigital.ca/usa/indiana/lafayette-west-lafayette,0,22,0%,20.82
https://www.fsidigital.ca/download/canada-digital-ai-funding-guide,0,22,0%,45.32
https://www.fsidigital.ca/grants/oh/akron/manufacturing,0,21,0%,7.43
https://www.fsidigital.ca/grants/mn/minneapolis/veterans,0,21,0%,7.86
https://www.fsidigital.ca/blog/irap-vs-sred-difference-canada,0,21,0%,8.24
https://www.fsidigital.ca/grants/la/baton-rouge/women-entrepreneurs,0,21,0%,9.14
https://www.fsidigital.ca/grants/pa/philadelphia/retail,0,21,0%,14.33
https://www.fsidigital.ca/topics/hiring-wage-subsidies-canada,0,21,0%,28.62
https://www.fsidigital.ca/blog/manufacturing-grants-2026,0,21,0%,46.19
https://www.fsidigital.ca/grants/pa/philadelphia/restaurants-hospitality,0,20,0%,6.5
https://www.fsidigital.ca/download/women-entrepreneurship-fund-guide,0,20,0%,7.25
https://www.fsidigital.ca/grants/az/glendale/veterans,0,20,0%,7.85
https://www.fsidigital.ca/grants/qc/montreal/education,0,20,0%,9.15
https://www.fsidigital.ca/usa/new-york/albany,0,20,0%,9.15
https://www.fsidigital.ca/grants/ny/new-york-city/veterans,0,20,0%,9.95
https://www.fsidigital.ca/grants/on/toronto/retail,0,20,0%,10.65
https://www.fsidigital.ca/grants/il/joliet/retail,0,20,0%,13.95
https://www.fsidigital.ca/download/cybersecurity-grants-guide,0,20,0%,18.9
https://www.fsidigital.ca/topics/government-grants-for-manufacturing-canada,0,20,0%,27
https://www.fsidigital.ca/download/biotech-grants-guide,0,20,0%,33
https://www.fsidigital.ca/usa/vermont,0,19,0%,6.11
https://www.fsidigital.ca/grants/bc/vancouver/restaurants-hospitality,0,19,0%,6.53
https://www.fsidigital.ca/grants/fl/st-petersburg/non-profits,0,19,0%,6.89
https://www.fsidigital.ca/grants/ab/calgary/education,0,19,0%,7.53
https://www.fsidigital.ca/grants/ne/lincoln/women-entrepreneurs,0,19,0%,7.95
https://www.fsidigital.ca/blog/minority-business-grants-2026,0,19,0%,12.32
https://www.fsidigital.ca/grants/ab/edmonton/logistics,0,19,0%,13.63
https://www.fsidigital.ca/grants/mo/kansas-city/manufacturing,0,19,0%,71.74
https://www.fsidigital.ca/grants/tn/nashville/minority-owned,0,18,0%,6.72
https://www.fsidigital.ca/grants/id/boise/technology,0,18,0%,7.67
https://www.fsidigital.ca/grants/in/indianapolis/veterans,0,18,0%,8.78
https://www.fsidigital.ca/grants/az/gilbert/veterans,0,18,0%,9.56
https://www.fsidigital.ca/grants/fl/tallahassee/technology,0,18,0%,9.78
https://www.fsidigital.ca/grants/nv/north-las-vegas/non-profits,0,18,0%,11.61
https://www.fsidigital.ca/usa/maine,0,18,0%,12.33
https://www.fsidigital.ca/canada/ontario,0,18,0%,13.39
https://www.fsidigital.ca/usa/georgia/atlanta,0,18,0%,15.17
https://www.fsidigital.ca/download/rbc-women-entrepreneur-awards-guide,0,18,0%,16.78
https://www.fsidigital.ca/usa/arizona/chandler-tempe,0,18,0%,19.78
https://www.fsidigital.ca/download/sred-application-kit,0,18,0%,20.06
https://www.fsidigital.ca/blog/manitoba-small-business-grants-guide,0,18,0%,26.89
https://www.fsidigital.ca/grants/oh/columbus/agriculture,0,17,0%,6.06
https://www.fsidigital.ca/grants/nv/north-las-vegas/minority-owned,0,17,0%,7.12
https://www.fsidigital.ca/grants/oh/columbus/restaurants-hospitality,0,17,0%,7.41
https://www.fsidigital.ca/download/british-columbia-grants-kit,0,17,0%,8.41
https://www.fsidigital.ca/grants/oh/toledo/technology,0,17,0%,8.65
https://www.fsidigital.ca/programs/nb-tech-innovation,0,17,0%,9
https://www.fsidigital.ca/usa/alaska/anchorage,0,17,0%,9
https://www.fsidigital.ca/grants/ga/atlanta/veterans,0,17,0%,10.24
https://www.fsidigital.ca/download/nsf-sbir-grants-guide,0,17,0%,11.82
https://www.fsidigital.ca/blog/washington-tech-programs,0,17,0%,13.41
https://www.fsidigital.ca/blog/cybersecurity-grants,0,17,0%,18.29
https://www.fsidigital.ca/grants/ny/new-york-city/non-profits,0,17,0%,20.12
https://www.fsidigital.ca/blog/women-business-grants-2026,0,17,0%,20.71
https://www.fsidigital.ca/grants/tx/houston/healthcare,0,17,0%,21.29
https://www.fsidigital.ca/blog/edc-women-trade-export-financing,0,17,0%,24.76
https://www.fsidigital.ca/grants/ny/new-rochelle/technology,0,17,0%,33
https://www.fsidigital.ca/grants/id/boise/education,0,16,0%,7.06
https://www.fsidigital.ca/grants/in/indianapolis/women-entrepreneurs,0,16,0%,7.75
https://www.fsidigital.ca/grants/ok/tulsa/construction,0,16,0%,8.5
https://www.fsidigital.ca/grants/ga/atlanta/technology,0,16,0%,8.81
https://www.fsidigital.ca/grants/ok/oklahoma-city/agriculture,0,16,0%,9.12
https://www.fsidigital.ca/grants/ak/anchorage/veterans,0,16,0%,9.25
https://www.fsidigital.ca/grants/tx/corpus-christi/retail,0,16,0%,9.5
https://www.fsidigital.ca/blog/nserc-research-grants-canada,0,16,0%,11.44
https://www.fsidigital.ca/grants/il/chicago/veterans,0,16,0%,12.56
https://www.fsidigital.ca/grants/in/fort-wayne/non-profits,0,16,0%,13.38
https://www.fsidigital.ca/topics/bc-tech-grant,0,16,0%,14.06
https://www.fsidigital.ca/grants/ks/wichita/veterans,0,16,0%,25.56
https://www.fsidigital.ca/download/ontario-business-grants-kit,0,16,0%,35.75
https://www.fsidigital.ca/grants/mn/minneapolis/minority-owned,0,16,0%,37.25
https://www.fsidigital.ca/download/alberta-business-grants-kit,0,16,0%,50.44
https://www.fsidigital.ca/testimonials,0,15,0%,4.27
https://www.fsidigital.ca/grants/az/glendale/retail,0,15,0%,5.87
https://www.fsidigital.ca/grants/tx/laredo/healthcare,0,15,0%,6.13
https://www.fsidigital.ca/usa/new-jersey,0,15,0%,6.33
https://www.fsidigital.ca/grants/az/phoenix/restaurants-hospitality,0,15,0%,7.47
https://www.fsidigital.ca/grants/nj/jersey-city/veterans,0,15,0%,8.2
https://www.fsidigital.ca/grants/ga/atlanta/women-entrepreneurs,0,15,0%,9
https://www.fsidigital.ca/blog/sba-sbir-grants-2026,0,15,0%,9.4
https://www.fsidigital.ca/grants/la/new-orleans/restaurants-hospitality,0,15,0%,9.4
https://www.fsidigital.ca/grants/oh/cincinnati/veterans,0,15,0%,9.73
https://www.fsidigital.ca/grants/wi/madison/veterans,0,15,0%,10.67
https://www.fsidigital.ca/grants/tx/austin/retail,0,15,0%,11.2
https://www.fsidigital.ca/grants/co/denver/women-entrepreneurs,0,15,0%,12.07
https://www.fsidigital.ca/grants/il/peoria-il/minority-owned,0,15,0%,14.8
https://www.fsidigital.ca/download/edc-women-trade-export-financing-guide,0,15,0%,19.53
https://www.fsidigital.ca/grants/ns/halifax/technology,0,14,0%,5.36
https://www.fsidigital.ca/grants/industry/bc-saas,0,14,0%,6.57
https://www.fsidigital.ca/grants/nv/north-las-vegas/education,0,14,0%,6.79
https://www.fsidigital.ca/grants/az/gilbert/restaurants-hospitality,0,14,0%,7.07
https://www.fsidigital.ca/grants/co/colorado-springs/veterans,0,14,0%,7.14
https://www.fsidigital.ca/grants/ny/buffalo/women-entrepreneurs,0,14,0%,7.5
https://www.fsidigital.ca/grants/fl/tallahassee/education,0,14,0%,7.57
https://www.fsidigital.ca/grants/pa/philadelphia/education,0,14,0%,7.79
https://www.fsidigital.ca/grants/fl/port-st-lucie/women-entrepreneurs,0,14,0%,8.5
https://www.fsidigital.ca/usa/michigan/ann-arbor,0,14,0%,8.79
https://www.fsidigital.ca/usa/maine/lewistonauburn,0,14,0%,9.57
https://www.fsidigital.ca/programs/new-york-step,0,14,0%,10.14
https://www.fsidigital.ca/programs/mb-tech-innovation,0,14,0%,11.29
https://www.fsidigital.ca/customer-success,0,14,0%,12.21
https://www.fsidigital.ca/usa/new-york/buffalo,0,14,0%,12.36
https://www.fsidigital.ca/grants/ma/boston/retail,0,14,0%,12.79
https://www.fsidigital.ca/grants/qc/montreal/construction,0,14,0%,13.14
https://www.fsidigital.ca/download/irap-application-kit,0,14,0%,17.43
https://www.fsidigital.ca/grants/nc/greensboro/clean-energy,0,14,0%,22.21
https://www.fsidigital.ca/download/ontario-women-business-grants-guide,0,14,0%,41.21
https://www.fsidigital.ca/grants/tx/dallas/education,0,13,0%,5.54
https://www.fsidigital.ca/grants/ga/atlanta/restaurants-hospitality,0,13,0%,6.08
https://www.fsidigital.ca/grants/ga/atlanta/healthcare,0,13,0%,6.62
https://www.fsidigital.ca/grants/nb/saint-john/agriculture,0,13,0%,6.62
https://www.fsidigital.ca/grants/md/baltimore/education,0,13,0%,6.85
https://www.fsidigital.ca/grants/va/norfolk-virginia-beach/education,0,13,0%,7.46
https://www.fsidigital.ca/grants/industry/bc-tourism,0,13,0%,7.85
https://www.fsidigital.ca/grants/oh/toledo/women-entrepreneurs,0,13,0%,8
https://www.fsidigital.ca/grants/ny/yonkers/non-profits,0,13,0%,8.08
https://www.fsidigital.ca/grants/la/new-orleans/education,0,13,0%,8.31
https://www.fsidigital.ca/grants/oh/parma/technology,0,13,0%,8.31
https://www.fsidigital.ca/grants/ny/buffalo/restaurants-hospitality,0,13,0%,8.77
https://www.fsidigital.ca/grants/oh/toledo/arts-entertainment,0,13,0%,9.54
https://www.fsidigital.ca/grants/in/bloomington/technology,0,13,0%,10.31
https://www.fsidigital.ca/grants/ky/lexington/women-entrepreneurs,0,13,0%,11.31
https://www.fsidigital.ca/grants/tx/houston/women-entrepreneurs,0,13,0%,11.85
https://www.fsidigital.ca/topics/futurpreneur-startup-funding,0,13,0%,11.92
https://www.fsidigital.ca/grants/il/chicago/retail,0,13,0%,13.62
https://www.fsidigital.ca/grants/mi/detroit/non-profits,0,13,0%,14.08
https://www.fsidigital.ca/grants/ny/new-york-city/technology,0,13,0%,16.62
https://www.fsidigital.ca/programs/doe-clean-energy,0,13,0%,18.69
https://www.fsidigital.ca/grants/industry/alberta-saas,0,13,0%,20.85
https://www.fsidigital.ca/grants/nv,0,13,0%,28.85
https://www.fsidigital.ca/partners/merchant-cash-advance-leads,0,13,0%,36.62
https://www.fsidigital.ca/grants/qc/longueuil/non-profits,0,13,0%,38.46
https://www.fsidigital.ca/topics/government-loans-small-business-canada,0,13,0%,51.23
https://www.fsidigital.ca/grants/industry/retail,0,13,0%,60.69
https://www.fsidigital.ca/grants/oh/cleveland/logistics,0,12,0%,4
https://www.fsidigital.ca/grants/hi/honolulu/education,0,12,0%,4.42
https://www.fsidigital.ca/programs/sba-growth-accelerator,0,12,0%,6.42
https://www.fsidigital.ca/grants/az/scottsdale/retail,0,12,0%,6.75
https://www.fsidigital.ca/grants/qc/montreal/logistics,0,12,0%,6.83
https://www.fsidigital.ca/grants/bc/vancouver/healthcare,0,12,0%,6.92
https://www.fsidigital.ca/grants/ne/omaha/non-profits,0,12,0%,8
https://www.fsidigital.ca/programs/ontario-hiring-grant,0,12,0%,8.75
https://www.fsidigital.ca/grants/oh/toledo/retail,0,12,0%,8.92
https://www.fsidigital.ca/grants/bc/burnaby/clean-energy,0,12,0%,9.25
https://www.fsidigital.ca/grants/ca/chula-vista/manufacturing,0,12,0%,9.42
https://www.fsidigital.ca/grants/tx/austin/arts-entertainment,0,12,0%,9.5
https://www.fsidigital.ca/grants/la/baton-rouge/veterans,0,12,0%,9.67
https://www.fsidigital.ca/grants/tx/austin/women-entrepreneurs,0,12,0%,10.08
https://www.fsidigital.ca/grants/tx/houston/agriculture,0,12,0%,10.42
https://www.fsidigital.ca/grants/fl/tampa/non-profits,0,12,0%,10.92
https://www.fsidigital.ca/guides/apply-quebec-business-grants,0,12,0%,11.92
https://www.fsidigital.ca/grants/al/birmingham/non-profits,0,12,0%,12.25
https://www.fsidigital.ca/grants/tx/san-antonio/construction,0,12,0%,12.33
https://www.fsidigital.ca/programs/sk-tech-innovation,0,12,0%,13
https://www.fsidigital.ca/grants/ky/louisville/technology,0,12,0%,15.08
https://www.fsidigital.ca/grants/bc/burnaby/arts-entertainment,0,12,0%,15.58
https://www.fsidigital.ca/grants/qc/quebec-city/agriculture,0,12,0%,17.67
https://www.fsidigital.ca/blog/cartier-womens-initiative-canada,0,12,0%,21
https://www.fsidigital.ca/grants/ny/buffalo/veterans,0,12,0%,21.92
https://www.fsidigital.ca/grants/ca/simi-valley/non-profits,0,12,0%,22.17
https://www.fsidigital.ca/grants/qc/longueuil/retail,0,12,0%,23.83
https://www.fsidigital.ca/grants/bc/richmond/manufacturing,0,12,0%,25.5
https://www.fsidigital.ca/topics/ontario-small-business-grants,0,12,0%,47.08
https://www.fsidigital.ca/blog/software-saas-startup-grants,0,11,0%,3.82
https://www.fsidigital.ca/grants/bc/kelowna/women-entrepreneurs,0,11,0%,5.55
https://www.fsidigital.ca/grants/on/brampton/women-entrepreneurs,0,11,0%,5.55
https://www.fsidigital.ca/grants/tx/houston/manufacturing,0,11,0%,6.45
https://www.fsidigital.ca/grants/nv/north-las-vegas/technology,0,11,0%,7
https://www.fsidigital.ca/grants/tx/lubbock/retail,0,11,0%,7.09
https://www.fsidigital.ca/grants/id/boise/retail,0,11,0%,7.36
https://www.fsidigital.ca/blog/nsf-stem-research-2026,0,11,0%,7.45
https://www.fsidigital.ca/grants/tx/irving/logistics,0,11,0%,7.55
https://www.fsidigital.ca/grants/tx/austin/restaurants-hospitality,0,11,0%,8.18
https://www.fsidigital.ca/grants/ma/boston/technology,0,11,0%,8.73
https://www.fsidigital.ca/grants/nv/henderson/retail,0,11,0%,9.36
https://www.fsidigital.ca/grants/tn/nashville/technology,0,11,0%,9.64
https://www.fsidigital.ca/grants/va/richmond/retail,0,11,0%,18.91
https://www.fsidigital.ca/blog/ontario-small-business-grants-guide,0,11,0%,19
https://www.fsidigital.ca/programs/nc-tech-innovation,0,11,0%,20.91
https://www.fsidigital.ca/grants/pa/pittsburgh/manufacturing,0,11,0%,24.45
https://www.fsidigital.ca/grants/bc/burnaby/manufacturing,0,11,0%,26.36
https://www.fsidigital.ca/grants/bc/victoria/retail,0,11,0%,27.36
https://www.fsidigital.ca/download/quebec-women-business-grants-guide,0,11,0%,43.55
https://www.fsidigital.ca/grants/az/scottsdale/education,0,10,0%,5.6
https://www.fsidigital.ca/grants/tn/nashville/arts-entertainment,0,10,0%,5.8
https://www.fsidigital.ca/grants/wi/milwaukee/education,0,10,0%,6.1
https://www.fsidigital.ca/guides/apply-women-entrepreneurship-strategy,0,10,0%,6.6
https://www.fsidigital.ca/grants/va/richmond/minority-owned,0,10,0%,6.8
https://www.fsidigital.ca/grants/in/fort-wayne/veterans,0,10,0%,7.5
https://www.fsidigital.ca/grants/oh/toledo/minority-owned,0,10,0%,7.6
https://www.fsidigital.ca/grants/on/windsor/retail,0,10,0%,8
https://www.fsidigital.ca/grants/va/arlington-alexandria/arts-entertainment,0,10,0%,8
https://www.fsidigital.ca/grants/id/boise/women-entrepreneurs,0,10,0%,8.2
https://www.fsidigital.ca/grants/mi/detroit/arts-entertainment,0,10,0%,8.5
https://www.fsidigital.ca/grants/tx/round-rock/retail,0,10,0%,8.5
https://www.fsidigital.ca/grants/ia/cedar-rapids/retail,0,10,0%,9.7
https://www.fsidigital.ca/grants/ia/des-moines/women-entrepreneurs,0,10,0%,10
https://www.fsidigital.ca/grants/nv/north-las-vegas/logistics,0,10,0%,11.3
https://www.fsidigital.ca/grants/va/norfolk/education,0,10,0%,11.4
https://www.fsidigital.ca/blog/newcomer-entrepreneur-grants-2026,0,10,0%,14.4
https://www.fsidigital.ca/grants/industry/ontario-manufacturing,0,10,0%,45.3
https://www.fsidigital.ca/usa/vermont/montpelierbarre,0,10,0%,48.6
https://www.fsidigital.ca/resources,0,10,0%,68.1
https://www.fsidigital.ca/blog/how-to-stack-government-grants-canada,0,9,0%,4.67
https://www.fsidigital.ca/grants/mn/minneapolis/education,0,9,0%,4.78
https://www.fsidigital.ca/grants/vt/brattleboro/arts-entertainment,0,9,0%,4.78
https://www.fsidigital.ca/programs/tx-tech-innovation,0,9,0%,5.11
https://www.fsidigital.ca/grants/on/ottawa/restaurants-hospitality,0,9,0%,5.56
https://www.fsidigital.ca/grants/mi/detroit/manufacturing,0,9,0%,5.67
https://www.fsidigital.ca/grants/id/boise/manufacturing,0,9,0%,5.89
https://www.fsidigital.ca/grants/oh/cleveland/veterans,0,9,0%,5.89
https://www.fsidigital.ca/grants/qc/quebec-city/technology,0,9,0%,6.22
https://www.fsidigital.ca/grants/oh/cincinnati/restaurants-hospitality,0,9,0%,6.56
https://www.fsidigital.ca/grants/mi/detroit/technology,0,9,0%,6.89
https://www.fsidigital.ca/grants/wa/seattle/education,0,9,0%,7
https://www.fsidigital.ca/topics/alberta-innovates-grant,0,9,0%,7.11
https://www.fsidigital.ca/grants/ia/des-moines/veterans,0,9,0%,7.44
https://www.fsidigital.ca/grants/bc/richmond/agriculture,0,9,0%,7.56
https://www.fsidigital.ca/grants/tx/dallas/arts-entertainment,0,9,0%,7.89
https://www.fsidigital.ca/grants/nj/newark/education,0,9,0%,8
https://www.fsidigital.ca/grants/ma/boston/arts-entertainment,0,9,0%,8.44
https://www.fsidigital.ca/programs/illinois-edge,0,9,0%,8.56
https://www.fsidigital.ca/grants/nj/jersey-city/technology,0,9,0%,8.67
https://www.fsidigital.ca/grants/nj/newark/veterans,0,9,0%,8.67
https://www.fsidigital.ca/grants/hi/honolulu/technology,0,9,0%,8.78
https://www.fsidigital.ca/grants/va/richmond/restaurants-hospitality,0,9,0%,8.78
https://www.fsidigital.ca/grants/nv/north-las-vegas/construction,0,9,0%,8.89
https://www.fsidigital.ca/grants/or/hillsboro-washington-county/education,0,9,0%,9.89
https://www.fsidigital.ca/grants/oh/cleveland/education,0,9,0%,10.11
https://www.fsidigital.ca/grants/nv/north-las-vegas/retail,0,9,0%,10.33
https://www.fsidigital.ca/grants/ns/halifax/retail,0,9,0%,10.78
https://www.fsidigital.ca/grants/la/new-orleans/non-profits,0,9,0%,11.67
https://www.fsidigital.ca/blog/new-york-tech-programs,0,9,0%,13.67
https://www.fsidigital.ca/grants/ok/oklahoma-city/retail,0,9,0%,14.67
https://www.fsidigital.ca/grants/bc/coquitlam/women-entrepreneurs,0,9,0%,15
https://www.fsidigital.ca/grants/nj/jersey-city/manufacturing,0,9,0%,15.11
https://www.fsidigital.ca/blog/canada-industry-specific-grants-guide,0,9,0%,15.67
https://www.fsidigital.ca/grants/ca/irvine/non-profits,0,9,0%,15.78
https://www.fsidigital.ca/blog/biden-2-5b-grants-2026,0,9,0%,17.89
https://www.fsidigital.ca/grants/tx/corpus-christi/construction,0,9,0%,18.11
https://www.fsidigital.ca/programs/on-digital-growth,0,9,0%,18.56
https://www.fsidigital.ca/grants/ca/fremont/education,0,8,0%,4
https://www.fsidigital.ca/programs/il-tech-innovation,0,8,0%,5
https://www.fsidigital.ca/grants/az/chandler/education,0,8,0%,5.75
https://www.fsidigital.ca/grants/industry/food-processing,0,8,0%,5.75
https://www.fsidigital.ca/grants/ca/fremont/non-profits,0,8,0%,6.25
https://www.fsidigital.ca/grants/tx/san-antonio/agriculture,0,8,0%,6.25
https://www.fsidigital.ca/grants/va/chesapeake/education,0,8,0%,6.5
https://www.fsidigital.ca/programs/fl-tech-innovation,0,8,0%,6.5
https://www.fsidigital.ca/programs/pa-tech-innovation,0,8,0%,6.5
https://www.fsidigital.ca/grants/ab/calgary/construction,0,8,0%,6.62
https://www.fsidigital.ca/grants/va/norfolk/veterans,0,8,0%,6.62
https://www.fsidigital.ca/grants/la/baton-rouge/technology,0,8,0%,6.88
https://www.fsidigital.ca/grants/ca/anaheim/logistics,0,8,0%,7.38
https://www.fsidigital.ca/grants/va/chesapeake/retail,0,8,0%,7.38
https://www.fsidigital.ca/grants/wa/seattle/agriculture,0,8,0%,7.75
https://www.fsidigital.ca/grants/tn/memphis/restaurants-hospitality,0,8,0%,7.88
https://www.fsidigital.ca/grants/fl/st-petersburg/women-entrepreneurs,0,8,0%,8.75
https://www.fsidigital.ca/grants/ok/tulsa/restaurants-hospitality,0,8,0%,8.75
https://www.fsidigital.ca/grants/ok/tulsa/women-entrepreneurs,0,8,0%,8.88
https://www.fsidigital.ca/usa/florida/tampa,0,8,0%,9.25
https://www.fsidigital.ca/grants/hi/honolulu/veterans,0,8,0%,9.5
https://www.fsidigital.ca/grants/ny/rochester/arts-entertainment,0,8,0%,9.5
https://www.fsidigital.ca/grants/md/baltimore/restaurants-hospitality,0,8,0%,9.62
https://www.fsidigital.ca/grants/hi/honolulu/women-entrepreneurs,0,8,0%,9.75
https://www.fsidigital.ca/grants/va/richmond/education,0,8,0%,10
https://www.fsidigital.ca/grants/fl/hialeah/retail,0,8,0%,10.12
https://www.fsidigital.ca/grants/nc/charlotte/women-entrepreneurs,0,8,0%,10.25
https://www.fsidigital.ca/case-studies/vancouver-saas-75k,0,8,0%,10.5
https://www.fsidigital.ca/programs/texas-enterprise-fund,0,8,0%,10.5
https://www.fsidigital.ca/grants/in/fort-wayne/women-entrepreneurs,0,8,0%,10.62
https://www.fsidigital.ca/grants/az/gilbert/women-entrepreneurs,0,8,0%,10.75
https://www.fsidigital.ca/grants/az/tucson/manufacturing,0,8,0%,10.75
https://www.fsidigital.ca/grants/qc/quebec-city/clean-energy,0,8,0%,11.38
https://www.fsidigital.ca/grants/oh/cleveland/retail,0,8,0%,12.38
https://www.fsidigital.ca/download/canada-aerospace-defence-funding-guide,0,8,0%,13.38
https://www.fsidigital.ca/grants/az/gilbert/non-profits,0,8,0%,13.88
https://www.fsidigital.ca/grants/nc/raleigh-durham/women-entrepreneurs,0,8,0%,13.88
https://www.fsidigital.ca/grants/ny/rochester/education,0,8,0%,15.38
https://www.fsidigital.ca/topics/canada-summer-jobs-wage-subsidy,0,8,0%,15.5
https://www.fsidigital.ca/grants/ok/tulsa/veterans,0,8,0%,18.25
https://www.fsidigital.ca/download/rda-regional-application-kit,0,8,0%,18.38
https://www.fsidigital.ca/grants/az/chandler/non-profits,0,8,0%,18.38
https://www.fsidigital.ca/download/canada-life-sciences-funding-guide,0,8,0%,19.62
https://www.fsidigital.ca/download/irap-innovation-application-guide,0,8,0%,23.38
https://www.fsidigital.ca/grants/bc/burnaby/education,0,8,0%,26
https://www.fsidigital.ca/grants/industry/transportation-logistics,0,8,0%,27.12
https://www.fsidigital.ca/programs/on-clean-energy,0,8,0%,27.62
https://www.fsidigital.ca/download/indigenous-rural-funding-kit,0,8,0%,32.12
https://www.fsidigital.ca/grants/nl/corner-brook/veterans,0,8,0%,35.62
https://www.fsidigital.ca/grants/mo/kansas-city,0,8,0%,40.5
https://www.fsidigital.ca/guides/apply-indigenous-rural-business-funding,0,8,0%,44
https://www.fsidigital.ca/download/women-entrepreneurship-loan-fund-guide,0,8,0%,47.88
https://www.fsidigital.ca/grants/nj/newark/restaurants-hospitality,0,7,0%,3
https://www.fsidigital.ca/grants/oh/toledo/restaurants-hospitality,0,7,0%,5.29
https://www.fsidigital.ca/grants/il/chicago/logistics,0,7,0%,5.43
https://www.fsidigital.ca/grants/mo/st-louis/education,0,7,0%,5.71
https://www.fsidigital.ca/grants/co/denver/education,0,7,0%,6.57
https://www.fsidigital.ca/grants/ca/irvine/arts-entertainment,0,7,0%,6.86
https://www.fsidigital.ca/grants/nj/newark/logistics,0,7,0%,6.86
https://www.fsidigital.ca/grants/oh/cincinnati/retail,0,7,0%,7.29
https://www.fsidigital.ca/grants/tx/austin/veterans,0,7,0%,7.43
https://www.fsidigital.ca/grants/fl/jacksonville/logistics,0,7,0%,7.57
https://www.fsidigital.ca/grants/az/scottsdale/construction,0,7,0%,7.71
https://www.fsidigital.ca/grants/ca/fremont/arts-entertainment,0,7,0%,7.86
https://www.fsidigital.ca/grants/sc/charleston/women-entrepreneurs,0,7,0%,7.86
https://www.fsidigital.ca/grants/va/richmond/veterans,0,7,0%,7.86
https://www.fsidigital.ca/grants/sk/saskatoon/non-profits,0,7,0%,8
https://www.fsidigital.ca/blog/texas-business-grants-2026,0,7,0%,8.14
https://www.fsidigital.ca/grants/md/baltimore/non-profits,0,7,0%,8.43
https://www.fsidigital.ca/grants/az/scottsdale/veterans,0,7,0%,8.86
https://www.fsidigital.ca/grants/ia/des-moines/restaurants-hospitality,0,7,0%,9
https://www.fsidigital.ca/grants/ny/yonkers/restaurants-hospitality,0,7,0%,9
https://www.fsidigital.ca/grants/va/norfolk/healthcare,0,7,0%,9
https://www.fsidigital.ca/grants/md/baltimore/logistics,0,7,0%,9.14
https://www.fsidigital.ca/grants/ia/des-moines/construction,0,7,0%,9.43
https://www.fsidigital.ca/grants/ny/new-york-city/retail,0,7,0%,9.43
https://www.fsidigital.ca/programs/pa-digital-growth,0,7,0%,9.86
https://www.fsidigital.ca/grants/oh/dayton/retail,0,7,0%,10
https://www.fsidigital.ca/programs/nih-sbir,0,7,0%,10
https://www.fsidigital.ca/grants/ns/halifax/agriculture,0,7,0%,10.14
https://www.fsidigital.ca/grants/tx/dallas/retail,0,7,0%,10.43
https://www.fsidigital.ca/grants/nv/reno/veterans,0,7,0%,10.71
https://www.fsidigital.ca/blog/canada-housing-community-grants-2026,0,7,0%,12.29
https://www.fsidigital.ca/grants/ak/anchorage/non-profits,0,7,0%,12.71
https://www.fsidigital.ca/programs/california-competes-tax-credit,0,7,0%,13.29
https://www.fsidigital.ca/grants/nc/greensboro/technology,0,7,0%,13.86
https://www.fsidigital.ca/grants/tx/dallas/minority-owned,0,7,0%,13.86
https://www.fsidigital.ca/grants/ut/lehi/retail,0,7,0%,14.43
https://www.fsidigital.ca/grants/mb/winnipeg/agriculture,0,7,0%,14.57
https://www.fsidigital.ca/grants/nc/raleigh/minority-owned,0,7,0%,15.29
https://www.fsidigital.ca/sample-report,0,7,0%,16.71
https://www.fsidigital.ca/download/agriculture-agri-food-application-kit,0,7,0%,20
https://www.fsidigital.ca/grants/industry/ontario-agriculture,0,7,0%,20.71
https://www.fsidigital.ca/grants/ri/providence/technology,0,7,0%,21.86
https://www.fsidigital.ca/grants/md/rockville-bethesda/clean-energy,0,7,0%,22.43
https://www.fsidigital.ca/compare/sbir-vs-sttr,0,7,0%,24.43
https://www.fsidigital.ca/guides/apply-sbir-grants,0,7,0%,25.29
https://www.fsidigital.ca/grants/ab/spruce-grove/retail,0,7,0%,25.86
https://www.fsidigital.ca/download/canada-manufacturing-funding-guide,0,7,0%,26
https://www.fsidigital.ca/grants/sk/regina/arts-entertainment,0,7,0%,26.29
https://www.fsidigital.ca/usa/north-carolina/asheville,0,7,0%,26.43
https://www.fsidigital.ca/download/women-manufacturing-grants-guide,0,7,0%,27.29
https://www.fsidigital.ca/programs/on-tech-innovation,0,7,0%,29.43
https://www.fsidigital.ca/grants/tx/san-antonio/restaurants-hospitality,0,7,0%,30
https://www.fsidigital.ca/grants/wv,0,7,0%,32.14
https://www.fsidigital.ca/grants/qc/quebec-city,0,7,0%,34.29
https://www.fsidigital.ca/grants/nv/north-las-vegas/manufacturing,0,7,0%,44.29
https://www.fsidigital.ca/grants/mo,0,7,0%,52
https://www.fsidigital.ca/grants/me,0,7,0%,53.57
https://www.fsidigital.ca/usa/oklahoma,0,6,0%,4
https://www.fsidigital.ca/grants/fl/jacksonville/education,0,6,0%,4.83
https://www.fsidigital.ca/grants/bc/abbotsford/restaurants-hospitality,0,6,0%,6
https://www.fsidigital.ca/grants/nv/reno/healthcare,0,6,0%,6
https://www.fsidigital.ca/grants/tx/dallas/manufacturing,0,6,0%,6
https://www.fsidigital.ca/grants/az/glendale/education,0,6,0%,6.17
https://www.fsidigital.ca/grants/in/indianapolis/retail,0,6,0%,6.17
https://www.fsidigital.ca/grants/la/baton-rouge/minority-owned,0,6,0%,6.17
https://www.fsidigital.ca/compare/ota-vs-irap,0,6,0%,6.33
https://www.fsidigital.ca/grants/pa/philadelphia/arts-entertainment,0,6,0%,6.33
https://www.fsidigital.ca/grants/ca/lancaster/agriculture,0,6,0%,6.5
https://www.fsidigital.ca/grants/tn/nashville/restaurants-hospitality,0,6,0%,6.5
https://www.fsidigital.ca/grants/fl/jacksonville/restaurants-hospitality,0,6,0%,6.67
https://www.fsidigital.ca/grants/la/new-orleans/construction,0,6,0%,6.67
https://www.fsidigital.ca/grants/mi/ann-arbor/clean-energy,0,6,0%,6.83
https://www.fsidigital.ca/grants/ct/new-haven/technology,0,6,0%,7.17
https://www.fsidigital.ca/grants/nj/jersey-city/construction,0,6,0%,7.17
https://www.fsidigital.ca/grants/bc/surrey/education,0,6,0%,7.33
https://www.fsidigital.ca/grants/oh/columbus/arts-entertainment,0,6,0%,7.33
https://www.fsidigital.ca/grants/az/surprise/healthcare,0,6,0%,7.5
https://www.fsidigital.ca/grants/la/baton-rouge/retail,0,6,0%,7.5
https://www.fsidigital.ca/grants/ak/anchorage/construction,0,6,0%,7.67
https://www.fsidigital.ca/grants/mn/minneapolis/technology,0,6,0%,7.83
https://www.fsidigital.ca/grants/oh/dayton/veterans,0,6,0%,7.83
https://www.fsidigital.ca/grants/nc/durham/non-profits,0,6,0%,8.17
https://www.fsidigital.ca/grants/tx/san-antonio/arts-entertainment,0,6,0%,8.17
https://www.fsidigital.ca/grants/ga/columbus-ga/logistics,0,6,0%,8.33
https://www.fsidigital.ca/grants/la/baton-rouge/arts-entertainment,0,6,0%,8.33
https://www.fsidigital.ca/grants/nc/charlotte/non-profits,0,6,0%,8.33
https://www.fsidigital.ca/grants/on/toronto/veterans,0,6,0%,8.33
https://www.fsidigital.ca/grants/ca/santa-ana/technology,0,6,0%,8.83
https://www.fsidigital.ca/grants/mo/st-louis/non-profits,0,6,0%,9
https://www.fsidigital.ca/usa/nebraska,0,6,0%,9
https://www.fsidigital.ca/grants/ny/rochester/agriculture,0,6,0%,9.5
https://www.fsidigital.ca/grants/ak/anchorage/healthcare,0,6,0%,9.67
https://www.fsidigital.ca/grants/az/phoenix/manufacturing,0,6,0%,9.67
https://www.fsidigital.ca/grants/industry/healthcare-medtech,0,6,0%,9.67
https://www.fsidigital.ca/grants/va/chesapeake/veterans,0,6,0%,9.67
https://www.fsidigital.ca/grants/bc/richmond/healthcare,0,6,0%,9.83
https://www.fsidigital.ca/grants/ca/irvine/women-entrepreneurs,0,6,0%,9.83
https://www.fsidigital.ca/grants/fl/tallahassee/manufacturing,0,6,0%,10
https://www.fsidigital.ca/grants/or/portland/women-entrepreneurs,0,6,0%,10.33
https://www.fsidigital.ca/grants/qc/quebec-city/retail,0,6,0%,10.5
https://www.fsidigital.ca/grants/mn/saint-paul/healthcare,0,6,0%,10.67
https://www.fsidigital.ca/grants/or/portland/retail,0,6,0%,10.67
https://www.fsidigital.ca/grants/nm/albuquerque/restaurants-hospitality,0,6,0%,10.83
https://www.fsidigital.ca/grants/ga/atlanta/retail,0,6,0%,11.17
https://www.fsidigital.ca/grants/mi/flint/retail,0,6,0%,11.17
https://www.fsidigital.ca/grants/mn/minneapolis/non-profits,0,6,0%,11.17
https://www.fsidigital.ca/grants/ma/boston/non-profits,0,6,0%,11.33
https://www.fsidigital.ca/grants/in/fort-wayne/retail,0,6,0%,11.5
https://www.fsidigital.ca/grants/ma/boston-cambridge/women-entrepreneurs,0,6,0%,11.5
https://www.fsidigital.ca/grants/or/portland/construction,0,6,0%,12.17
https://www.fsidigital.ca/grants/nj/newark/technology,0,6,0%,12.67
https://www.fsidigital.ca/grants/qc/montreal/arts-entertainment,0,6,0%,13.67
https://www.fsidigital.ca/grants/tx/houston/arts-entertainment,0,6,0%,14
https://www.fsidigital.ca/grants/nm/albuquerque/healthcare,0,6,0%,14.33
https://www.fsidigital.ca/grants/fl/hollywood/manufacturing,0,6,0%,15.33
https://www.fsidigital.ca/grants/az/scottsdale/manufacturing,0,6,0%,16
https://www.fsidigital.ca/grants/mt,0,6,0%,16.33
https://www.fsidigital.ca/grants/ab/lethbridge/restaurants-hospitality,0,6,0%,18
https://www.fsidigital.ca/partners/business-loan-leads,0,6,0%,19.17
https://www.fsidigital.ca/grants/industry/alberta-cleantech,0,6,0%,19.5
https://www.fsidigital.ca/usa/connecticut,0,6,0%,21.33
https://www.fsidigital.ca/download/scotiabank-women-initiative-guide,0,6,0%,23
https://www.fsidigital.ca/grants/pa/philadelphia/construction,0,6,0%,24
https://www.fsidigital.ca/grants/nh,0,6,0%,24.5
https://www.fsidigital.ca/grants/location/california,0,6,0%,36.83
https://www.fsidigital.ca/grants/in,0,6,0%,37.83
https://www.fsidigital.ca/grants/on/woodstock/restaurants-hospitality,0,6,0%,38.67
https://www.fsidigital.ca/topics/sred-tax-credit-eligibility,0,6,0%,40.5
https://www.fsidigital.ca/grants/on/barrie/arts-entertainment,0,6,0%,42.33
https://www.fsidigital.ca/grants/mb/steinbach/minority-owned,0,6,0%,47.5
https://www.fsidigital.ca/grants/wy,0,6,0%,49
https://www.fsidigital.ca/grants/ia/des-moines/logistics,0,5,0%,3.8
https://www.fsidigital.ca/download/women-entrepreneurship-application-kit,0,5,0%,4
https://www.fsidigital.ca/grants/va/norfolk/technology,0,5,0%,4
https://www.fsidigital.ca/grants/mb/winnipeg/technology,0,5,0%,4.2
https://www.fsidigital.ca/grants/tn/nashville/manufacturing,0,5,0%,4.4
https://www.fsidigital.ca/grants/al/mobile/education,0,5,0%,4.6
https://www.fsidigital.ca/grants/ab/calgary/clean-energy,0,5,0%,5.2
https://www.fsidigital.ca/grants/oh/cleveland/arts-entertainment,0,5,0%,5.2
https://www.fsidigital.ca/grants/in/fort-wayne/technology,0,5,0%,5.4
https://www.fsidigital.ca/grants/tx/austin/minority-owned,0,5,0%,5.4
https://www.fsidigital.ca/grants/az/gilbert/education,0,5,0%,5.6
https://www.fsidigital.ca/grants/qc/montreal/clean-energy,0,5,0%,5.6
https://www.fsidigital.ca/grants/nc/raleigh/arts-entertainment,0,5,0%,5.8
https://www.fsidigital.ca/grants/ny/new-york-city/clean-energy,0,5,0%,5.8
https://www.fsidigital.ca/grants/ok/oklahoma-city/healthcare,0,5,0%,5.8
https://www.fsidigital.ca/grants/qc/trois-rivieres/retail,0,5,0%,5.8
https://www.fsidigital.ca/grants/sc/columbia/women-entrepreneurs,0,5,0%,5.8
https://www.fsidigital.ca/grants/vt/burlington/education,0,5,0%,5.8
https://www.fsidigital.ca/grants/tx/dallas/non-profits,0,5,0%,6
https://www.fsidigital.ca/grants/ok/tulsa/retail,0,5,0%,6.4
https://www.fsidigital.ca/grants/mi/ann-arbor/technology,0,5,0%,6.6
https://www.fsidigital.ca/grants/fl/tallahassee/veterans,0,5,0%,6.8
https://www.fsidigital.ca/grants/sk/regina/education,0,5,0%,6.8
https://www.fsidigital.ca/usa/new-jersey/princeton,0,5,0%,6.8
https://www.fsidigital.ca/grants/ca/fremont/logistics,0,5,0%,7
https://www.fsidigital.ca/grants/sk/regina/agriculture,0,5,0%,7
https://www.fsidigital.ca/grants/tx/waco/technology,0,5,0%,7
https://www.fsidigital.ca/grants/wa/seattle/minority-owned,0,5,0%,7
https://www.fsidigital.ca/grants/industry/quebec-food-processing,0,5,0%,7.2
https://www.fsidigital.ca/grants/va/chesapeake/clean-energy,0,5,0%,7.2
https://www.fsidigital.ca/programs/alberta-innovation-grant,0,5,0%,7.2
https://www.fsidigital.ca/programs/ma-tech-innovation,0,5,0%,7.6
https://www.fsidigital.ca/programs/ns-tech-innovation,0,5,0%,7.6
https://www.fsidigital.ca/grants/ak/anchorage/arts-entertainment,0,5,0%,7.8
https://www.fsidigital.ca/grants/fl/orlando/healthcare,0,5,0%,7.8
https://www.fsidigital.ca/grants/ia/cedar-rapids/education,0,5,0%,7.8
https://www.fsidigital.ca/grants/tn/memphis/minority-owned,0,5,0%,7.8
https://www.fsidigital.ca/grants/ca/fremont/manufacturing,0,5,0%,8
https://www.fsidigital.ca/grants/nv/north-las-vegas/arts-entertainment,0,5,0%,8
https://www.fsidigital.ca/grants/oh/akron/healthcare,0,5,0%,8
https://www.fsidigital.ca/grants/ut/salt-lake-city/retail,0,5,0%,8
https://www.fsidigital.ca/grants/tx/fort-worth/construction,0,5,0%,8.2
https://www.fsidigital.ca/grants/va/norfolk/restaurants-hospitality,0,5,0%,8.2
https://www.fsidigital.ca/grants/ca/irvine/restaurants-hospitality,0,5,0%,8.4
https://www.fsidigital.ca/grants/ok/oklahoma-city/minority-owned,0,5,0%,8.4
https://www.fsidigital.ca/grants/on/hamilton/education,0,5,0%,8.4
https://www.fsidigital.ca/grants/tx/corpus-christi/technology,0,5,0%,8.4
https://www.fsidigital.ca/grants/wi/milwaukee/healthcare,0,5,0%,8.4
https://www.fsidigital.ca/grants/ri/newport/manufacturing,0,5,0%,8.6
https://www.fsidigital.ca/grants/az/gilbert/construction,0,5,0%,8.8
https://www.fsidigital.ca/grants/de/wilmington/healthcare,0,5,0%,8.8
https://www.fsidigital.ca/grants/fl/hialeah/logistics,0,5,0%,8.8
https://www.fsidigital.ca/grants/fl/jacksonville/women-entrepreneurs,0,5,0%,8.8
https://www.fsidigital.ca/grants/in/indianapolis/logistics,0,5,0%,8.8
https://www.fsidigital.ca/grants/ne/lincoln/veterans,0,5,0%,8.8
https://www.fsidigital.ca/grants/tx/houston/retail,0,5,0%,8.8
https://www.fsidigital.ca/grants/az/tucson/restaurants-hospitality,0,5,0%,9
https://www.fsidigital.ca/grants/ga/atlanta/non-profits,0,5,0%,9
https://www.fsidigital.ca/grants/tx/laredo/retail,0,5,0%,9
https://www.fsidigital.ca/grants/va/richmond/women-entrepreneurs,0,5,0%,9.2
https://www.fsidigital.ca/grants/wi/milwaukee/non-profits,0,5,0%,9.2
https://www.fsidigital.ca/grants/nj/newark/retail,0,5,0%,9.4
https://www.fsidigital.ca/grants/wa/bellevue/education,0,5,0%,9.4
https://www.fsidigital.ca/grants/az/scottsdale/non-profits,0,5,0%,9.6
https://www.fsidigital.ca/grants/or/portland/veterans,0,5,0%,9.6
https://www.fsidigital.ca/grants/oh/toledo/veterans,0,5,0%,9.8
https://www.fsidigital.ca/grants/or/portland/technology,0,5,0%,9.8
https://www.fsidigital.ca/grants/nj/newark/arts-entertainment,0,5,0%,10
https://www.fsidigital.ca/grants/ri/providence/minority-owned,0,5,0%,10
https://www.fsidigital.ca/grants/bc/victoria/manufacturing,0,5,0%,10.4
https://www.fsidigital.ca/grants/ga/atlanta/construction,0,5,0%,10.4
https://www.fsidigital.ca/usa/wyoming/laramie,0,5,0%,10.4
https://www.fsidigital.ca/grants/mi/detroit/retail,0,5,0%,10.8
https://www.fsidigital.ca/grants/oh/columbus/non-profits,0,5,0%,10.8
https://www.fsidigital.ca/grants/il/chicago/clean-energy,0,5,0%,11.4
https://www.fsidigital.ca/grants/oh/toledo/manufacturing,0,5,0%,11.6
https://www.fsidigital.ca/blog/women-entrepreneurship-strategy-canada-government-grants,0,5,0%,11.8
https://www.fsidigital.ca/grants/tx/dallas/logistics,0,5,0%,12.2
https://www.fsidigital.ca/grants/wa/bellevue/women-entrepreneurs,0,5,0%,12.6
https://www.fsidigital.ca/grants/fl/orlando/non-profits,0,5,0%,12.8
https://www.fsidigital.ca/grants/ok/oklahoma-city/non-profits,0,5,0%,13.2
https://www.fsidigital.ca/grants/co/denver/minority-owned,0,5,0%,13.4
https://www.fsidigital.ca/grants/ne/lincoln/technology,0,5,0%,13.6
https://www.fsidigital.ca/grants/nj/newark/manufacturing,0,5,0%,13.6
https://www.fsidigital.ca/grants/ca/riverside/manufacturing,0,5,0%,14
https://www.fsidigital.ca/programs/nl-clean-energy,0,5,0%,14.2
https://www.fsidigital.ca/grants/az/phoenix/retail,0,5,0%,15.6
https://www.fsidigital.ca/grants/ut/lehi/education,0,5,0%,16
https://www.fsidigital.ca/download/csbfp-government-financing-kit,0,5,0%,16.6
https://www.fsidigital.ca/grants/ca/chula-vista/women-entrepreneurs,0,5,0%,17.8
https://www.fsidigital.ca/guides/canada-life-sciences-funding-guide,0,5,0%,18.6
https://www.fsidigital.ca/grants/tx/austin/technology,0,5,0%,19.8
https://www.fsidigital.ca/topics/csbfp-loans-canada,0,5,0%,20.6
https://www.fsidigital.ca/grants/ok/tulsa/education,0,5,0%,20.8
https://www.fsidigital.ca/grants/ca/irvine/healthcare,0,5,0%,21.2
https://www.fsidigital.ca/grants/industry/mining-resources,0,5,0%,21.2
https://www.fsidigital.ca/grants/on/orillia/retail,0,5,0%,22.2
https://www.fsidigital.ca/grants/in/fort-wayne/minority-owned,0,5,0%,22.6
https://www.fsidigital.ca/grants/sk/saskatoon/veterans,0,5,0%,24.6
https://www.fsidigital.ca/grants/in/indianapolis/education,0,5,0%,25.6
https://www.fsidigital.ca/grants/bc/victoria/construction,0,5,0%,28
https://www.fsidigital.ca/usa/pennsylvania/philadelphia,0,5,0%,28
https://www.fsidigital.ca/blog/csbfp-canada-small-business-financing-program-government-grants,0,5,0%,29.8
https://www.fsidigital.ca/membership,0,5,0%,30.4
https://www.fsidigital.ca/grants/nv/las-vegas,0,5,0%,31.4
https://www.fsidigital.ca/grants/nd,0,5,0%,33
https://www.fsidigital.ca/grants/ca/sunnyvale/healthcare,0,5,0%,34.2
https://www.fsidigital.ca/download/canada-cleantech-funding-guide,0,5,0%,34.8
https://www.fsidigital.ca/grants/ri/pawtucket/technology,0,5,0%,35.4
https://www.fsidigital.ca/grants/fl/lehigh-acres/clean-energy,0,5,0%,35.8
https://www.fsidigital.ca/grants/bc/port-coquitlam/arts-entertainment,0,5,0%,38.4
https://www.fsidigital.ca/grants/ny/new-york-city/agriculture,0,5,0%,41
https://www.fsidigital.ca/grants/ak/anchorage/minority-owned,0,5,0%,54.6
https://www.fsidigital.ca/grants/ab/spruce-grove/arts-entertainment,0,5,0%,56
https://www.fsidigital.ca/grants/ca/santa-ana/restaurants-hospitality,0,5,0%,71.2
https://www.fsidigital.ca/grants/fl/st-petersburg/minority-owned,0,4,0%,3.25
https://www.fsidigital.ca/grants/dc/washington/logistics,0,4,0%,3.5
https://www.fsidigital.ca/grants/fl/tallahassee/restaurants-hospitality,0,4,0%,4
https://www.fsidigital.ca/grants/industry/restaurants-hospitality,0,4,0%,4
https://www.fsidigital.ca/grants/ok/tulsa/manufacturing,0,4,0%,4
https://www.fsidigital.ca/grants/tn/nashville/logistics,0,4,0%,4.5
https://www.fsidigital.ca/grants/sk/regina/technology,0,4,0%,4.75
https://www.fsidigital.ca/grants/sk/saskatoon/agriculture,0,4,0%,4.75
https://www.fsidigital.ca/grants/tx/plano/education,0,4,0%,4.75
https://www.fsidigital.ca/products/funding-match-report,0,4,0%,4.75
https://www.fsidigital.ca/grants/nd/bismarck/construction,0,4,0%,5
https://www.fsidigital.ca/grants/wi/madison/manufacturing,0,4,0%,5
https://www.fsidigital.ca/programs/oh-digital-growth,0,4,0%,5
https://www.fsidigital.ca/grants/ca/fremont/clean-energy,0,4,0%,5.25
https://www.fsidigital.ca/grants/industry/financial-services,0,4,0%,5.25
https://www.fsidigital.ca/grants/va/norfolk/agriculture,0,4,0%,5.25
https://www.fsidigital.ca/grants/ca/fremont/retail,0,4,0%,5.5
https://www.fsidigital.ca/grants/oh/toledo/construction,0,4,0%,5.5
https://www.fsidigital.ca/grants/ak/anchorage/agriculture,0,4,0%,6
https://www.fsidigital.ca/grants/ca/ontario-ca/manufacturing,0,4,0%,6.25
https://www.fsidigital.ca/grants/in/indianapolis/construction,0,4,0%,6.25
https://www.fsidigital.ca/grants/mn/saint-paul/technology,0,4,0%,6.25
https://www.fsidigital.ca/grants/tx/mesquite/manufacturing,0,4,0%,6.5
https://www.fsidigital.ca/grants/bc/surrey/women-entrepreneurs,0,4,0%,6.75
https://www.fsidigital.ca/grants/ca/san-diego/veterans,0,4,0%,6.75
https://www.fsidigital.ca/grants/id/boise/construction,0,4,0%,6.75
https://www.fsidigital.ca/grants/ne/lincoln/restaurants-hospitality,0,4,0%,6.75
https://www.fsidigital.ca/grants/hi/honolulu/manufacturing,0,4,0%,7
https://www.fsidigital.ca/grants/in/bloomington/retail,0,4,0%,7
https://www.fsidigital.ca/grants/in/fort-wayne/healthcare,0,4,0%,7
https://www.fsidigital.ca/grants/mn/saint-paul/retail,0,4,0%,7
https://www.fsidigital.ca/grants/on/hamilton/logistics,0,4,0%,7
https://www.fsidigital.ca/grants/ca/san-jose/restaurants-hospitality,0,4,0%,7.25
https://www.fsidigital.ca/grants/wi/madison/education,0,4,0%,7.25
https://www.fsidigital.ca/grants/fl/orlando/restaurants-hospitality,0,4,0%,7.5
https://www.fsidigital.ca/programs/pe-tech-innovation,0,4,0%,7.5
https://www.fsidigital.ca/grants/ab/st-albert/education,0,4,0%,7.75
https://www.fsidigital.ca/grants/ca/concord/veterans,0,4,0%,7.75
https://www.fsidigital.ca/grants/ca/irvine/logistics,0,4,0%,7.75
https://www.fsidigital.ca/grants/in/fort-wayne/arts-entertainment,0,4,0%,7.75
https://www.fsidigital.ca/grants/nc/raleigh/restaurants-hospitality,0,4,0%,7.75
https://www.fsidigital.ca/grants/wi/milwaukee/arts-entertainment,0,4,0%,7.75
https://www.fsidigital.ca/grants/ab/calgary/manufacturing,0,4,0%,8
https://www.fsidigital.ca/grants/fl/tallahassee/logistics,0,4,0%,8
https://www.fsidigital.ca/grants/mn/saint-paul/women-entrepreneurs,0,4,0%,8
https://www.fsidigital.ca/grants/nv/reno/agriculture,0,4,0%,8
https://www.fsidigital.ca/grants/ma/lowell/healthcare,0,4,0%,8.25
https://www.fsidigital.ca/grants/nc/charlotte/veterans,0,4,0%,8.25
https://www.fsidigital.ca/grants/nd/fargo/manufacturing,0,4,0%,8.25
https://www.fsidigital.ca/grants/nv/reno/arts-entertainment,0,4,0%,8.25
https://www.fsidigital.ca/grants/qc/quebec-city/restaurants-hospitality,0,4,0%,8.25
https://www.fsidigital.ca/grants/fl/hialeah/restaurants-hospitality,0,4,0%,8.5
https://www.fsidigital.ca/grants/nj/newark/construction,0,4,0%,8.5
https://www.fsidigital.ca/partners/sbir-grant-leads,0,4,0%,8.5
https://www.fsidigital.ca/grants/ca/riverside/retail,0,4,0%,8.75
https://www.fsidigital.ca/grants/nj/jersey-city/arts-entertainment,0,4,0%,8.75
https://www.fsidigital.ca/grants/oh/cincinnati/education,0,4,0%,8.75
https://www.fsidigital.ca/grants/tx/plano/arts-entertainment,0,4,0%,8.75
https://www.fsidigital.ca/programs/nb-digital-growth,0,4,0%,8.75
https://www.fsidigital.ca/grants/az/gilbert/logistics,0,4,0%,9
https://www.fsidigital.ca/grants/ky/bowling-green/women-entrepreneurs,0,4,0%,9
https://www.fsidigital.ca/grants/nc/raleigh/retail,0,4,0%,9
https://www.fsidigital.ca/grants/tx/corpus-christi/non-profits,0,4,0%,9
https://www.fsidigital.ca/grants/az/scottsdale/women-entrepreneurs,0,4,0%,9.25
https://www.fsidigital.ca/grants/ga/savannah/retail,0,4,0%,9.25
https://www.fsidigital.ca/grants/in/indianapolis/restaurants-hospitality,0,4,0%,9.5
https://www.fsidigital.ca/grants/la/new-orleans/minority-owned,0,4,0%,9.5
https://www.fsidigital.ca/grants/nv/las-vegas/construction,0,4,0%,9.5
https://www.fsidigital.ca/grants/oh/cincinnati/construction,0,4,0%,9.5
https://www.fsidigital.ca/grants/nv/reno/retail,0,4,0%,9.75
https://www.fsidigital.ca/grants/ny/buffalo/construction,0,4,0%,9.75
https://www.fsidigital.ca/grants/nc/durham/construction,0,4,0%,10.25
https://www.fsidigital.ca/grants/va/richmond/construction,0,4,0%,10.25
https://www.fsidigital.ca/grants/ca/los-angeles/manufacturing,0,4,0%,10.5
https://www.fsidigital.ca/grants/on/ottawa/clean-energy,0,4,0%,11
https://www.fsidigital.ca/grants/tx/amarillo/restaurants-hospitality,0,4,0%,12.25
https://www.fsidigital.ca/grants/wi/milwaukee/agriculture,0,4,0%,12.25
https://www.fsidigital.ca/grants/ns/halifax/minority-owned,0,4,0%,12.5
https://www.fsidigital.ca/grants/tx/irving/veterans,0,4,0%,12.75
https://www.fsidigital.ca/grants/ny/yonkers/education,0,4,0%,13
https://www.fsidigital.ca/grants/nj/jersey-city/education,0,4,0%,13.5
https://www.fsidigital.ca/blog/bdc-women-entrepreneurs-financing,0,4,0%,13.75
https://www.fsidigital.ca/grants/la/new-orleans/retail,0,4,0%,13.75
https://www.fsidigital.ca/grants/on/hamilton/healthcare,0,4,0%,13.75
https://www.fsidigital.ca/grants/on/greater-sudbury,0,4,0%,14
https://www.fsidigital.ca/grants/sc/charleston/veterans,0,4,0%,14.25
https://www.fsidigital.ca/grants/fl/orlando/construction,0,4,0%,14.5
https://www.fsidigital.ca/grants/mb/winnipeg/arts-entertainment,0,4,0%,15.75
https://www.fsidigital.ca/grants/az/chandler/restaurants-hospitality,0,4,0%,17.5
https://www.fsidigital.ca/grants/ga/columbus-ga,0,4,0%,17.5
https://www.fsidigital.ca/calendar,0,4,0%,18
https://www.fsidigital.ca/grants/or/portland/manufacturing,0,4,0%,18
https://www.fsidigital.ca/grants/bc/richmond-bc/technology,0,4,0%,18.25
https://www.fsidigital.ca/grants/nj/newark/healthcare,0,4,0%,18.25
https://www.fsidigital.ca/guides/apply-csbfp-loans,0,4,0%,18.25
https://www.fsidigital.ca/grants/va/norfolk-virginia-beach,0,4,0%,18.5
https://www.fsidigital.ca/download/csbfp-application-kit,0,4,0%,18.75
https://www.fsidigital.ca/grants/ny/yonkers/women-entrepreneurs,0,4,0%,18.75
https://www.fsidigital.ca/programs/ab-tech-innovation,0,4,0%,19
https://www.fsidigital.ca/grants/ca/el-monte/retail,0,4,0%,19.25
https://www.fsidigital.ca/grants/tx/dallas/agriculture,0,4,0%,19.75
https://www.fsidigital.ca/grants/nc/winston-salem/retail,0,4,0%,21
https://www.fsidigital.ca/programs/quebec-innovation-tax-credit,0,4,0%,21.5
https://www.fsidigital.ca/grants/la/new-orleans/technology,0,4,0%,22.75