Top queries,Clicks,Impressions,CTR,Position
grants for social enterprises,2,9,22.22%,15.56
fsi,1,213,0.47%,10.1
government funding,1,113,0.88%,42.81
small business grants,1,25,4%,30.44
women in business grants,1,23,4.35%,48.65
veteran business grants canada,1,15,6.67%,3.53
edtech grants,1,6,16.67%,12.83
grant for women entrepreneurs,1,3,33.33%,5
grants for restaurants 2026,1,3,33.33%,5.33
government grants for restaurants,1,3,33.33%,8.67
grants for women in tech,1,3,33.33%,8.67
small business grants minnesota,1,3,33.33%,16.33
funding for restaurants,1,2,50%,2
veteran business,1,2,50%,25.5
startup business grants,1,2,50%,34
green energy business grants,1,1,100%,1
under 55k,1,1,100%,1
usda sbir,1,1,100%,5
saas grants,1,1,100%,6
community grants for nonprofits 2026,1,1,100%,9
womens business grants,1,1,100%,11
edtech,1,1,100%,13
south carolina business grants,1,1,100%,36
small business funding alberta,0,237,0%,37.45
quebec business grants news,0,216,0%,9.33
business funding in canada,0,190,0%,60.03
small business funding canada,0,180,0%,67.61
canada small business financing,0,178,0%,60.68
funding for small business canada,0,166,0%,62.9
virginia small business grants for entertainment industry,0,155,0%,6.77
business financing canada,0,138,0%,69.62
government grants canada,0,111,0%,35.03
small business funding bc,0,110,0%,65.77
california funding for education technology assessment software,0,97,0%,8.11
grants for restaurants 2022,0,93,0%,23.81
funding for small businesses,0,93,0%,69.48
small business grants for women,0,88,0%,40.55
technology grants canada,0,85,0%,43.92
small business funding for women,0,76,0%,40.97
business grants california,0,75,0%,46.12
small business funding,0,74,0%,70.96
business funding for small business,0,72,0%,75.75
indigenous business funding,0,71,0%,55.14
women's business resources canada,0,69,0%,52.22
funding for small business,0,67,0%,68.27
"""jobsohio inclusion grant"" ""up to $50,000""",0,66,0%,9.35
canada digital adoption program small business bc,0,63,0%,41.49
canada grants for small business,0,62,0%,62.06
minnesota business grants,0,61,0%,16.11
business grants for women,0,58,0%,47.66
women in business alberta,0,57,0%,43.35
small business grants alberta,0,55,0%,28.38
business grants bc,0,55,0%,36.62
business grants ohio,0,54,0%,49.22
grants and funding,0,54,0%,56.98
new york business grants,0,53,0%,50.45
canada small business financing loan,0,53,0%,62.04
ohio business grants 2024,0,52,0%,49.04
funding for women entrepreneurs,0,51,0%,35.39
tech grants canada,0,51,0%,39.69
tech startup grants canada,0,50,0%,29.04
canada small business financing program,0,50,0%,46.76
digital grant ontario,0,50,0%,51.36
how to get approved for canada digital adoption program,0,50,0%,63.14
business loan canada,0,49,0%,73.18
business funding for veterans,0,48,0%,17.71
grants government of canada,0,48,0%,28.67
small business funding for veterans,0,48,0%,32.29
grants for women owned businesses,0,48,0%,36.65
technology grants,0,47,0%,32.91
small business loan canada,0,47,0%,67.64
grants for women in business canada,0,46,0%,51.87
funding for startups,0,46,0%,59.35
small business loans alberta,0,45,0%,47.53
new business grants alberta,0,44,0%,27.59
canada technology grants,0,44,0%,34.09
cdap digital adoption plan guide,0,44,0%,49.45
canada business grants,0,44,0%,53.77
small business loans canada,0,44,0%,71.75
women's business network alberta,0,43,0%,44.56
business funding canada,0,43,0%,54.67
grants for small business alberta,0,41,0%,25.2
female small business grants,0,40,0%,48.27
canada business funding,0,40,0%,51.05
"""métis capital corporation"" british columbia",0,39,0%,9.95
government funding canada,0,39,0%,35.41
government grants in canada,0,39,0%,37.36
small business financing,0,39,0%,74.41
grants for small businesses alberta,0,38,0%,25.55
canadian government grant,0,38,0%,32.71
women owned small business grants,0,38,0%,42.82
woman owned small business grants,0,38,0%,45.95
restaurant funding,0,37,0%,11.22
women owned business grants,0,37,0%,27.84
irap funding,0,37,0%,44.08
canadian grants for women entrepreneurs,0,37,0%,55.32
"singer instruments startup criteria semiconductor biomedical hardware 
series b c funding 2025-2026 us",0,36,0%,8.64
alberta grants for small business,0,36,0%,29.33
website for new alberta business,0,36,0%,29.75
grants for female business owners,0,36,0%,54.78
startup funding,0,36,0%,68.08
small business grants bc,0,35,0%,41
marketing grants canada,0,34,0%,67.94
how to get a business loan in canada,0,34,0%,75.62
city of calgary small business grants,0,33,0%,30.24
manufacturer funding,0,33,0%,43.21
small business grants missouri,0,33,0%,43.91
small business funding saskatchewan,0,32,0%,40.06
women in business grants canada,0,32,0%,48.5
nys small business grants,0,32,0%,53.78
chandler business incentive and funding,0,31,0%,9.06
grants money canadian government,0,31,0%,24.74
women-owned business grants canada,0,31,0%,39.65
gov grants canada,0,31,0%,40.65
small business saskatchewan,0,31,0%,45.61
invest in massachusetts institute of technology startups,0,31,0%,57.65
funding for small companies,0,31,0%,75.55
small business grants quebec,0,30,0%,31.27
business grants missouri,0,30,0%,40.57
missouri small business grants,0,30,0%,43.5
louisiana r&d tax credit,0,30,0%,45.23
business grants wisconsin,0,30,0%,48.07
funding for canadian scale-ups,0,30,0%,54.3
federal grants canada,0,29,0%,29.21
ontario business funding,0,29,0%,62.59
ladies business loan,0,29,0%,64.59
hospitality equipment funding,0,28,0%,15.68
sba usda program,0,28,0%,24.32
canadian innovation funding,0,28,0%,29.25
grants for technology startups,0,28,0%,31.61
grants canada government,0,28,0%,39.11
small business grants california 2026,0,28,0%,40.93
canada grants,0,28,0%,42.39
invest in new york university startups,0,28,0%,48.04
canadian small business loan,0,28,0%,61.68
funding for tech companies,0,27,0%,35.96
csbfp,0,27,0%,41.59
grants canada,0,27,0%,43.81
grants for women entrepreneurs,0,27,0%,49.15
innovation in quebec,0,27,0%,54.96
start up funding,0,27,0%,60.81
business grants canada,0,27,0%,64.15
canada startup funding,0,27,0%,64.15
canada business financing,0,27,0%,65.26
technology funding,0,26,0%,29.23
canada government grants,0,26,0%,34.04
canadian government grants,0,26,0%,38.04
government funds,0,26,0%,38.77
business loans saskatchewan,0,26,0%,42.81
innovation funding,0,26,0%,48.19
innovation fund,0,26,0%,51.54
amber grant application,0,25,0%,10.92
innovation grants canada,0,25,0%,40.36
small business digital grants program,0,25,0%,47.28
startup funding canada,0,25,0%,57.52
canada digital adoption program requirements,0,25,0%,67
funding for business women,0,25,0%,67.36
small business finance,0,25,0%,74.8
funding startup,0,25,0%,76.4
funding sources for business expansion 2026,0,24,0%,33.58
loans for minorities,0,24,0%,34.96
canadian business grants,0,24,0%,52.67
small business financing canada,0,24,0%,63.92
invest in corpus christi startups,0,24,0%,75.96
ohio california new funding staffing workforce solutions,0,23,0%,8.04
business grants for veterans,0,23,0%,9.52
technology startup funding,0,23,0%,34.78
ai grants canada,0,23,0%,35.83
business loans alberta,0,23,0%,44.3
business loan alberta,0,23,0%,47.83
business funding california,0,23,0%,49.61
women's business resources,0,23,0%,55.7
e-commerce grants canada,0,23,0%,72.26
fsi canada,0,22,0%,4.55
business incentives in chandler,0,22,0%,8.23
nasa sbir grant for startups space startup grant application,0,22,0%,15.27
flexible business financing minneapolis,0,22,0%,16.86
nih taba funding support health tech,0,22,0%,29.18
funding support for medtech commercialization,0,22,0%,29.82
government grant,0,22,0%,35.77
digital grants,0,22,0%,37.23
how much is the cdap grant,0,22,0%,55.27
small business alberta,0,21,0%,33
quebec small business grants,0,21,0%,36.14
innovation funding canada,0,21,0%,38.76
funding,0,21,0%,42.24
alberta small business loans,0,21,0%,42.38
canadian grants,0,21,0%,52.67
e commerce grants canada,0,21,0%,72.19
economic development incentives california 2026,0,20,0%,10.15
alberta government grants for small business,0,20,0%,24.3
business loans for veterans,0,20,0%,36.5
manufacturing funding,0,20,0%,55.25
canadian business financing,0,20,0%,68.85
federal grants for small business,0,20,0%,81.25
california edtech assessment and professional development funding news,0,19,0%,8.26
saskatchewan small business loans,0,19,0%,32.21
female owned business grants,0,19,0%,35
invest in ri startups,0,19,0%,42.21
business loan saskatchewan,0,19,0%,46.26
grants for women owned business,0,19,0%,48.05
business loans for women in canada,0,19,0%,51.11
small business loans women owned business,0,19,0%,53.26
how to apply for nasa sbir space startup,0,18,0%,11.89
are there grants for women to start a business,0,18,0%,33.5
attitude (canada) funding,0,18,0%,50.5
manufacturing grants,0,18,0%,52.89
women business grants,0,18,0%,53.28
canadian startup grants,0,18,0%,59.83
canadian small business grants,0,18,0%,60.17
canadian small business financing loan,0,18,0%,60.22
business funding,0,17,0%,25.24
business funding jacksonville,0,17,0%,29.65
government funding programs canada,0,17,0%,39.71
government of canada business grants,0,17,0%,52.06
industrial research assistance program,0,17,0%,53.29
female entrepreneur grants,0,17,0%,59.88
technology development grants canada,0,17,0%,63.82
government grants for trade school,0,17,0%,65.88
canada small business loan,0,17,0%,67.53
restaurant revitalization,0,16,0%,2.81
minnesota small business grants,0,16,0%,17.94
grants for women,0,16,0%,27.44
irap canada,0,16,0%,36.75
alberta new business grants,0,16,0%,37.12
grants for female owned businesses,0,16,0%,43.06
small business financing alberta,0,16,0%,43.75
small business loans alberta canada,0,16,0%,48.44
alberta business grants,0,16,0%,51.5
canada small business funding,0,16,0%,57.44
canada startup grants,0,16,0%,57.56
small business grants arizona,0,16,0%,58.25
canadian small business financing,0,16,0%,62.88
women entrepreneurship fund,0,16,0%,68.44
minnesota startup financing,0,15,0%,16.87
government of canada grants,0,15,0%,33.07
small business loans saskatchewan,0,15,0%,38.8
women entrepreneur grants,0,15,0%,39.07
manufacturing engineering funding,0,15,0%,45.93
industrial research assistance program irap,0,15,0%,46.27
irap funding criteria,0,15,0%,48.4
grants for female entrepreneurs,0,15,0%,50.73
irap,0,15,0%,52.87
female business grants,0,15,0%,61.87
canadian government grants for small business,0,15,0%,63.2
women entrepreneurship programs,0,15,0%,64.07
business incentives,0,15,0%,74
business loan in canada,0,15,0%,76.2
government grants for small business,0,15,0%,84.33
welf canada,0,14,0%,5.71
"government funding for heavy equipment to start up a business that would 
help agricultural growth",0,14,0%,9.5
technology grants alberta,0,14,0%,19.21
federal government canada grants,0,14,0%,23.29
business funding alberta,0,14,0%,27.14
government of canada funding,0,14,0%,27.86
federal government grants,0,14,0%,29.21
canadian government funding,0,14,0%,37.71
are there any web development grants or subsidies available in canada,0,14,0%,38.07
saskatchewan small business loan,0,14,0%,39.07
business grants alberta,0,14,0%,39.14
grants for women in business,0,14,0%,42.14
tech startup funding canada,0,14,0%,49.14
innovation grants,0,14,0%,50.29
grants for restaurants 2023,0,14,0%,51.79
federal small business grants,0,14,0%,52.14
manufacturing grants canada,0,14,0%,53.21
canada business grant,0,14,0%,61.36
entrepreneur grants canada,0,14,0%,62.21
government funding for manufacturing canada,0,14,0%,65.36
grow your business grant,0,14,0%,69.86
cedar rapids grant announcements 2024 2025 2026,0,13,0%,9.23
business grants mn,0,13,0%,16.62
alberta small business grant,0,13,0%,23.38
top startup accelerators & incubators in california,0,13,0%,28.62
irap program,0,13,0%,36.08
federal government grant,0,13,0%,36.46
federal government grant canada,0,13,0%,37.38
alberta small business loan,0,13,0%,42.23
r&d grants canada,0,13,0%,46.77
digital transformation grants,0,13,0%,48.54
female entrepreneur support,0,13,0%,49.92
small business financing program canada,0,13,0%,50.31
business grant for women,0,13,0%,53.15
machine learning rfp,0,13,0%,57.46
canadian small business loans,0,13,0%,58.08
women small business grants,0,13,0%,60.23
grants for businesses in canada,0,13,0%,63.69
e commerce grant canada,0,13,0%,65.77
business loans canada,0,13,0%,69.23
apply for small business grant,0,13,0%,85.23
government grants for starting a business,0,13,0%,85.54
canada federal grants,0,12,0%,23.75
small business loans for veterans,0,12,0%,27.25
small business grants in minnesota,0,12,0%,28.92
ontario government grants,0,12,0%,46.58
canadian small business financing program,0,12,0%,57
small business grants canada,0,12,0%,57.5
business grants in canada,0,12,0%,58.75
funding for app,0,12,0%,60.67
csbf loan,0,12,0%,67
grants canada for small business,0,12,0%,67.17
grants for canadian business,0,12,0%,70.5
"""jobsohio inclusion grant"" ""$50,000"" eligibility",0,11,0%,8.27
chandler start up resources,0,11,0%,17
iot grants,0,11,0%,21.09
funding for technology startups,0,11,0%,23.55
business grants montreal,0,11,0%,32.09
alberta business grant,0,11,0%,32.18
social enterprise funding,0,11,0%,35.27
doctor funding,0,11,0%,36.73
irap application support,0,11,0%,38
export canada grants,0,11,0%,38.45
grants digital transformation higher education,0,11,0%,45.27
government business incentives,0,11,0%,47.91
artificial intelligence grants,0,11,0%,53.55
grants for women entrepreneurs canada,0,11,0%,53.82
canada entrepreneur grants,0,11,0%,54.64
startup grants,0,11,0%,58.18
canada small business grants,0,11,0%,59.73
grants for startups canada,0,11,0%,62.09
government small business loans,0,11,0%,62.18
canadian government business grants,0,11,0%,62.64
startup grants canada,0,11,0%,63.27
government grants for small business canada,0,11,0%,64.55
small business loans for women,0,11,0%,66.09
grant for business canada,0,11,0%,66.45
csbf,0,11,0%,66.55
government incentives,0,11,0%,68.55
grant for small business canada,0,11,0%,73.82
what support is available for startup founders on regulatory changes?,0,11,0%,74.55
grants for home based business,0,11,0%,83.55
government business loans for woman,0,11,0%,88.55
how to apply for small business grants,0,11,0%,92.09
small business grants for veterans,0,10,0%,10.2
indigenous business grants,0,10,0%,16.5
funding for hospitality industry,0,10,0%,17
tech innovation grants,0,10,0%,18.1
federal funding programs canada,0,10,0%,19.2
national science foundation sbir,0,10,0%,21.4
federal government grant money,0,10,0%,29.2
federal grants,0,10,0%,29.2
alberta small business grants,0,10,0%,33.4
canada funding,0,10,0%,33.4
irap funding 2021,0,10,0%,39.4
pharmacy funding,0,10,0%,39.9
bc small business grants,0,10,0%,43.5
irap funding canada,0,10,0%,45.2
loans for minority owned businesses,0,10,0%,45.5
grants for female entrepreneurs canada,0,10,0%,47.5
america's seed fund,0,10,0%,49.1
csbfp loan,0,10,0%,57.1
female entrepreneur grants canada,0,10,0%,57.2
canada grants small business,0,10,0%,57.4
canada business loans,0,10,0%,58
e-commerce grant canada,0,10,0%,59.4
small business financing program,0,10,0%,60.7
canada digital adoption program grant application,0,10,0%,60.8
federal manufacturing grants,0,10,0%,63.5
digital adoption plan template,0,10,0%,63.9
canada digital adoption program 2022,0,10,0%,65
start up business grants,0,10,0%,70.9
digital marketing grant ontario,0,10,0%,78.4
how to get a small business grant,0,10,0%,78.9
business startup loans canada,0,10,0%,80.9
free government grants for small business,0,10,0%,81.2
how to apply for federal grants for business growth,0,10,0%,85.2
2.5% of 10000,0,9,0%,4.44
"""métis capital corporation"" mnbc",0,9,0%,7.67
"""jobsohio inclusion grant"" ""annual revenue""",0,9,0%,8.78
"""métis capital corporation"" ""british columbia"" lending",0,9,0%,9
ashwani kumar entrepreneur startup story,0,9,0%,9.44
"""métis capital corporation"" ""métis nation british columbia""",0,9,0%,9.78
philadelphia retail business grants,0,9,0%,15.11
sme grant alberta,0,9,0%,17.78
equity free accelerator,0,9,0%,18.56
minnesota grants for small businesses,0,9,0%,18.67
mn grants for small business,0,9,0%,20
business incentives for relocating to bellevue,0,9,0%,22.44
small business grants greensboro nc,0,9,0%,23.67
alberta government small business grants,0,9,0%,26.33
social enterprise vancouver,0,9,0%,26.33
small business funding detroit,0,9,0%,26.44
business incentives iowa,0,9,0%,28
federal funding,0,9,0%,31.78
sme grants,0,9,0%,42
ai grants,0,9,0%,45
business loans for women,0,9,0%,45.22
women entrepreneurship loan fund,0,9,0%,46.44
funds for women owned businesses,0,9,0%,49.56
small business grants new york,0,9,0%,50.33
grant for women in business,0,9,0%,54.78
biotech project funding,0,9,0%,55.67
women business grant,0,9,0%,57.44
start up business grants bc,0,9,0%,58.89
canada funding for small business,0,9,0%,61.33
canadian business funding,0,9,0%,61.44
canadian grant for small business,0,9,0%,61.56
small business grants in iowa,0,9,0%,67.44
grants for small business canada,0,9,0%,67.89
government funding advisory,0,9,0%,72.11
grants for digital marketing,0,9,0%,73
young entrepreneurs,0,9,0%,76.33
federal grants for small business start-up,0,9,0%,80.44
start up business loans canada,0,9,0%,81.11
texas state grants startups medtech space defense 2026,0,8,0%,4.5
north dakota funding for construction equipment public fleet 2026 .gov,0,8,0%,6.38
"new funding for permitting software in virginia, illinois, florida, 
ontario, british columbia",0,8,0%,7.88
women entrepreneurship fund (wef),0,8,0%,9
"2026 federal grants for ai in agriculture and food technology, usda small 
business innovation",0,8,0%,9.5
retail business grants in philadelphia,0,8,0%,16.38
hardware systems technology grants,0,8,0%,17
global ny fund grant program,0,8,0%,18.5
nonprofit it support ottawa,0,8,0%,19.25
apply for working capital loan minneapolis,0,8,0%,25.75
nonprofit grants manitoba,0,8,0%,25.88
saskatchewan small business grants,0,8,0%,29.5
canadian federal grants,0,8,0%,31.88
alberta grant for business,0,8,0%,33.62
technology innovation grants,0,8,0%,34.38
verified merchant cash advance leads,0,8,0%,35.62
government of canada funding programs,0,8,0%,39
federal grants for construction companies,0,8,0%,39.75
small business incentives in iowa,0,8,0%,41.62
bc business grants,0,8,0%,42.5
grants for non profits in bc,0,8,0%,45
business support grand rapids mi,0,8,0%,46
technology grants ontario,0,8,0%,49.38
ohio small business grants,0,8,0%,49.75
irap program canada,0,8,0%,56.12
indigenous entrepreneurs,0,8,0%,56.25
canada small business grant,0,8,0%,57
canada grants for business,0,8,0%,57.75
small business startup grants bc,0,8,0%,59.88
funding for canadian businesses,0,8,0%,61
canada small business financing program guidelines,0,8,0%,61.5
business startup funding canada,0,8,0%,61.62
government of canada entrepreneur grants,0,8,0%,62.12
funding for startups canada,0,8,0%,63.5
startup business funding canada,0,8,0%,64.62
women in small business grants,0,8,0%,65.12
csbfl loan,0,8,0%,65.5
sba loan,0,8,0%,70.25
how to get business loan in canada,0,8,0%,71.75
canada business loan,0,8,0%,74.88
funding for small business ontario,0,8,0%,75
small business loan in canada,0,8,0%,75.75
how to get an sba microloan,0,8,0%,82.62
state grants for small business,0,8,0%,89.75
bipoc grants,0,7,0%,11.86
"arkansas small business grant workforce 2026 apply -site:docs.google.com 
-site:drive.google.com -site:scribd.com -site:slideshare.net 
-site:academia.edu -site:pinterest.com -site:pinterest.co.uk 
-site:reddit.com -site:quora.com -site:facebook.com -site:instagram.com 
-site:tiktok.com -site:twitter.com -site:x.com -site:youtube.com 
-site:jobs2careers.com -site:jobspider.com -site:jobcase.com 
-site:salary.com -site:jobgoround.com",0,7,0%,14.71
chandler business applications,0,7,0%,17.86
ubc manufacturing engineering funding,0,7,0%,18
minneapolis business program,0,7,0%,19
economic services grants for nonprofits,0,7,0%,23.71
federal government grants canada,0,7,0%,24.14
state of minnesota small business grants,0,7,0%,25
funding for employers in richmond va,0,7,0%,25.29
incentives for expanding your manufacturing operation into iowa,0,7,0%,27.71
funding available per industry,0,7,0%,29.57
federal grant,0,7,0%,30.71
government grants canada technology,0,7,0%,31.14
provincial innovation incentives,0,7,0%,34.29
e commerce grants,0,7,0%,34.71
canada small business finance program,0,7,0%,35
alberta women entrepreneurs,0,7,0%,36.57
apply for commercial business loan minneapolis,0,7,0%,37.86
business loans for minorities,0,7,0%,40.57
canexport program,0,7,0%,42.14
"learn how the canada small business financing program can help grow your 
business",0,7,0%,42.57
canexport sme,0,7,0%,43.29
business incentives in iowa,0,7,0%,43.43
canada irap,0,7,0%,44
small business startup loans for minorities,0,7,0%,44
federal business grants canada,0,7,0%,44.29
funding for tech startups,0,7,0%,44.57
federal govt grant,0,7,0%,45.43
small business funding in rhode island,0,7,0%,45.71
small business loans for minorities,0,7,0%,46.14
women owned business grants canada,0,7,0%,48.14
sba microloan program requirements,0,7,0%,48.71
ecommerce grants,0,7,0%,51.14
csbfa,0,7,0%,51.57
cdap 2400,0,7,0%,51.71
federal government small business grants,0,7,0%,52.14
business grant canada,0,7,0%,54.71
government grants,0,7,0%,54.86
government grants for technology,0,7,0%,55.14
small business bc grants,0,7,0%,61
canada new business grants,0,7,0%,61.57
tax incentives business iowa,0,7,0%,61.71
small business grants in canada,0,7,0%,62.14
canada small business grants news,0,7,0%,63.29
canada small business financing program eligibility,0,7,0%,64.14
government funding for automation,0,7,0%,66
new business loans canada,0,7,0%,67.29
ai grant application,0,7,0%,67.86
government grants for businesses canada,0,7,0%,68.29
female business loans,0,7,0%,72.57
startup business loans canada,0,7,0%,75.29
start-up business loans canada,0,7,0%,78.57
pocketed grants,0,7,0%,81.57
small business loans wa,0,6,0%,1
new haven arpa digital technology grant 2025 newhavenct.gov,0,6,0%,9
"""métis capital corporation"" ""british columbia"" lending institution",0,6,0%,9.17
"florida state and local grant funding programs 2026 for technology, ai, and 
software small businesses",0,6,0%,10.83
health canada grants,0,6,0%,12.5
amber grant for women application,0,6,0%,15
small business government affairs quebec,0,6,0%,15.17
business grants,0,6,0%,17.17
nrc irap portal,0,6,0%,17.67
allentown development financing,0,6,0%,17.83
chandler collateral assistance program,0,6,0%,19.17
equity-free startup accelerator,0,6,0%,20
small business grants in vermont,0,6,0%,20.17
nsf seed funding,0,6,0%,20.83
grants for minorities,0,6,0%,21.67
vermont small business grants,0,6,0%,21.67
small business incentives iowa,0,6,0%,27.5
small business loan alberta government,0,6,0%,27.5
startup funding houston,0,6,0%,27.83
canada government funding,0,6,0%,29
nsf sbir deadlines 2026,0,6,0%,30.17
small business grant alberta,0,6,0%,30.33
funding for small business in alberta,0,6,0%,30.67
medical practice funding,0,6,0%,31.33
start a fund manitoba,0,6,0%,31.67
new york business incentives,0,6,0%,32
early stage funding colorado,0,6,0%,32.33
green energy grant,0,6,0%,33.33
federal funding program,0,6,0%,33.5
innovation canada funding,0,6,0%,34.17
ai grant,0,6,0%,35.83
grant canada,0,6,0%,36.67
quebec grants for small business,0,6,0%,37.17
tech grants,0,6,0%,41.5
startup funding vancouver,0,6,0%,42
government of canada small business loan,0,6,0%,42.33
research and development grants canada,0,6,0%,42.83
sba checklist,0,6,0%,43.17
canada grants for individuals,0,6,0%,44.33
sic funding,0,6,0%,45.33
csbfp canada,0,6,0%,46
digital grants for small business,0,6,0%,46.33
wisconsin business grants,0,6,0%,46.33
ohio startup grants,0,6,0%,47.17
research and development grants,0,6,0%,48.83
small business grants in rhode island,0,6,0%,50.33
funding assistance,0,6,0%,51
small business loan alberta,0,6,0%,52.17
grants for indigenous business,0,6,0%,52.33
small business grants iowa,0,6,0%,52.83
canexport,0,6,0%,53
entrepreneurship grants canada,0,6,0%,55.17
the canada small business financing program,0,6,0%,55.83
government business grants canada,0,6,0%,56.33
innovation technology fund,0,6,0%,57.17
national research council of canada industrial research assistance program,0,6,0%,57.17
government of canada small business grants,0,6,0%,57.83
digital transformation grant,0,6,0%,59
farm grants ontario,0,6,0%,59.17
small business funding in washington,0,6,0%,61.33
new business grants canada,0,6,0%,61.5
women export business loans,0,6,0%,62.33
business grants for woman,0,6,0%,64.17
canada startups grants,0,6,0%,64.33
canadian government grants for startups,0,6,0%,64.83
manufacturing funding opportunities,0,6,0%,64.83
bc grants for small business,0,6,0%,66.33
canada small business loan program,0,6,0%,67.33
csbfl,0,6,0%,71.33
small business loan canada $40000,0,6,0%,72.5
canadian business loans,0,6,0%,74.17
indigenous loans canada,0,6,0%,74.5
social impact grant,0,6,0%,74.5
small business loans or grants,0,6,0%,75
canadian business loan,0,6,0%,75.33
federal grants for small business start up,0,6,0%,83.17
grant programs for small business,0,6,0%,86
business financing software,0,6,0%,88.33
government grants for small business owners,0,6,0%,91.83
veteran owned it support glendale,0,5,0%,4.2
grants for restaurants,0,5,0%,4.6
sba grants,0,5,0%,4.6
"2026 federal grants for ai in logistics, postal, supply chain and 
transportation small business",0,5,0%,6.8
funding for managed it services in minnesota state government 2026,0,5,0%,7.8
fsi og,0,5,0%,8
sba grant,0,5,0%,9.6
alberta business grants 2026,0,5,0%,11.6
health canada funding,0,5,0%,13.4
nrcan grants,0,5,0%,13.8
equity free startup programs,0,5,0%,16.8
bellevue wa small business loans,0,5,0%,17
federal funding startup programs,0,5,0%,17.6
detroit small business grants,0,5,0%,20.8
government of alberta grants for small business,0,5,0%,21
jobsohio inclusion grant,0,5,0%,21.6
mn small business grants,0,5,0%,22
government grants for accelerators,0,5,0%,23
seed funding colorado,0,5,0%,23.4
clean energy grants canada,0,5,0%,24.2
startup funding oregon,0,5,0%,24.6
equity free startup program,0,5,0%,25.2
irvine ca tech startup growth guide,0,5,0%,25.2
biotech grants wisconsin,0,5,0%,26.2
quebec city grants,0,5,0%,26.6
startup funding wisconsin,0,5,0%,27.4
funding for social enterprise,0,5,0%,28.4
alberta business grants and funding,0,5,0%,29.6
small business grants san diego,0,5,0%,29.6
apply online business loan minneapolis,0,5,0%,31.2
r&d grants,0,5,0%,33
grant money canada,0,5,0%,34.4
funding canada,0,5,0%,34.8
government grants for tech startups,0,5,0%,35.4
federal grants for innovation,0,5,0%,36
canadian grants for women,0,5,0%,36.4
tax incentives for small businesses in iowa,0,5,0%,37.8
clean energy grants,0,5,0%,38.2
canadian grant money,0,5,0%,38.4
small business grants in nevada,0,5,0%,40.6
government r&d grants,0,5,0%,42.4
irap nrc,0,5,0%,42.6
canexport grant,0,5,0%,43.2
startup resources new york,0,5,0%,44.8
alberta business financing,0,5,0%,45.2
best small business startup funding in houston,0,5,0%,45.2
non profit grants bc,0,5,0%,45.8
financial support for it migration,0,5,0%,46
grant assistance,0,5,0%,47.2
louisiana research and development tax credit,0,5,0%,48.4
canada government grant,0,5,0%,49
nrc industrial research assistance program,0,5,0%,49.2
ontario small business grant application,0,5,0%,50.4
iowa small business grants,0,5,0%,51.2
grants in canada,0,5,0%,52.2
r&d tax credit louisiana,0,5,0%,52.8
vancouver startup funding,0,5,0%,56.2
government of canada business loans,0,5,0%,56.8
grants ontario,0,5,0%,57.4
grants for small business women,0,5,0%,57.6
government funding for manufacturing,0,5,0%,58
small business grant canada,0,5,0%,58.6
canada government business loans,0,5,0%,59.8
canada small business grants 2026,0,5,0%,60.4
biotech research funding tool,0,5,0%,60.8
grants canada 2024,0,5,0%,60.8
business startup grants canada,0,5,0%,61.8
cdap technology grant,0,5,0%,62
canadian grants for small businesses,0,5,0%,62.4
canada small business financing program csbfp,0,5,0%,62.6
small business grants in arizona,0,5,0%,63.6
small business funding in oregon,0,5,0%,63.8
government funding for small business,0,5,0%,65
grants for small businesses canada,0,5,0%,65.6
small business funding in missouri,0,5,0%,66
small business funding in wisconsin,0,5,0%,66
canada start up business grants,0,5,0%,66.2
manufacturing grants 2024,0,5,0%,66.2
small business grants in california,0,5,0%,66.4
grants for startups,0,5,0%,67.6
small business grants in wisconsin,0,5,0%,69.6
government grants for new businesses canada,0,5,0%,70.8
women tech startup loans,0,5,0%,71.6
small business grants in new york,0,5,0%,72
startup business loan for women,0,5,0%,72.6
canada small business financing loan csbfl,0,5,0%,73.4
grant for small business bc,0,5,0%,73.4
ontario grants for small business,0,5,0%,73.4
grants for small business,0,5,0%,74
business loans in canada,0,5,0%,74.8
california women's small business grants,0,5,0%,76.6
funding a small business,0,5,0%,78.4
grant management software canada,0,5,0%,79.4
start up loans canada,0,5,0%,81.2
startup business funding,0,5,0%,81.6
government incentives for businesses,0,5,0%,91.8
restaurant relief,0,4,0%,1
usda sbir 2026,0,4,0%,3
digital fsi,0,4,0%,5.5
"jobsohio inclusion grant up to $50,000 official",0,4,0%,7.25
"""jobsohio inclusion grant"" ""$500,000""",0,4,0%,8.25
provincial grants for non profit organizations,0,4,0%,9
"""métis capital corporation"" ""british columbia""",0,4,0%,9.25
youth entrepreneurship support,0,4,0%,9.25
startup funding bloomington,0,4,0%,9.5
grants for women starting a business,0,4,0%,13.75
bmo celebrating women grant,0,4,0%,14
small business grants mn,0,4,0%,17
new grants challenges science technology canada 2024 2025 2026,0,4,0%,17.25
start-up ny program,0,4,0%,17.75
federal funding startup programs edo,0,4,0%,19
montreal tech grants,0,4,0%,19
small business grants ottawa,0,4,0%,19.25
grants for entrepreneurship education,0,4,0%,19.5
equity-free accelerator,0,4,0%,20
small business grants canada 2026,0,4,0%,20
dod sbir solicitations,0,4,0%,20.5
best free accelerators no equity,0,4,0%,20.75
indigenous business funding canada,0,4,0%,21
erp software for smes surrey,0,4,0%,21.5
free aboriginal grants for starting a business in canada,0,4,0%,21.5
edc venture capital,0,4,0%,21.75
federal government funding,0,4,0%,22.5
new sba funding,0,4,0%,22.5
construction funding ontario,0,4,0%,24.25
social enterprise fund,0,4,0%,24.5
manitoba grants for non profit organizations,0,4,0%,25.75
regional development grants canada,0,4,0%,26.25
atlantic innovation fund,0,4,0%,27.25
small business loan minneapolis,0,4,0%,27.5
business incentives in central louisiana,0,4,0%,27.75
government of canada grant,0,4,0%,28.25
startup funding the usa,0,4,0%,28.25
funding for social enterprises,0,4,0%,28.75
minneapolis business loan,0,4,0%,28.75
startup business loans minneapolis mn,0,4,0%,29
technology grant canada,0,4,0%,29
cdap grant bc,0,4,0%,29.25
nsf sbir grant,0,4,0%,29.5
startup funding research,0,4,0%,29.75
innovation canada grants,0,4,0%,30.25
top small business startup funding in houston,0,4,0%,30.5
canexport funding program,0,4,0%,31.75
federal government grant program,0,4,0%,32
mn small business grant,0,4,0%,32
business grants in arkansas,0,4,0%,33
bc manufacturing grant,0,4,0%,33.5
non repayable grants canada,0,4,0%,33.5
government funding for canadian businesses,0,4,0%,34.25
jobsohio grants,0,4,0%,34.25
manufacturing government grants,0,4,0%,35
nrc-irap,0,4,0%,35
sbir sttr defense,0,4,0%,35.25
grant money in canada,0,4,0%,35.5
nrc irap,0,4,0%,35.75
canadian funding,0,4,0%,36
funding for us incorporated startups,0,4,0%,36
iowa business grants,0,4,0%,36
jobsohio small business grant,0,4,0%,36.5
manufacturing innovation funding canada,0,4,0%,36.5
grants for tech startups,0,4,0%,37.5
canadian grant,0,4,0%,37.75
wv small business grants,0,4,0%,38
funding for manufacturing business,0,4,0%,38.5
business ai pilot projects in canada,0,4,0%,39
business grants british columbia,0,4,0%,39
ai funding opportunities,0,4,0%,40.25
california small business tax incentives 2026,0,4,0%,40.5
purchase merchant cash advance leads,0,4,0%,41
missouri business grants,0,4,0%,41.25
aboriginal small business grants,0,4,0%,41.5
apply for innovation funding,0,4,0%,41.5
small business grants houston,0,4,0%,41.5
digital grant,0,4,0%,41.75
small business startup funding houston,0,4,0%,41.75
free ventures,0,4,0%,42
government of canada grants for business,0,4,0%,42.5
grant opportunities canada,0,4,0%,43
indigenous entrepreneur,0,4,0%,43
americas seed fund,0,4,0%,43.25
houston small business startup funding,0,4,0%,43.25
startup new york tax incentives,0,4,0%,43.25
bc grants for nonprofit organizations,0,4,0%,43.75
grant in canada,0,4,0%,44
indigenous business grants alberta,0,4,0%,44
alberta business loan,0,4,0%,44.75
subventions fédérales pour linnovation,0,4,0%,44.75
business grants nyc,0,4,0%,45
small business grants saskatchewan,0,4,0%,45
grant for snow removal business,0,4,0%,45.25
real time grant alerts,0,4,0%,45.25
san diego funding,0,4,0%,45.25
canada government business grants,0,4,0%,45.5
female business grants ontario,0,4,0%,45.5
business grants oregon,0,4,0%,46
innovation fund application,0,4,0%,46
research and development funding canada,0,4,0%,46
us federal government grant,0,4,0%,46
grants for manufacturing companies,0,4,0%,47.5
women-owned small business,0,4,0%,47.75
ohio business grants,0,4,0%,48
grants for small business bc,0,4,0%,48.25
how to apply for amber grant,0,4,0%,48.25
ohio new business grants,0,4,0%,48.25
small business grants in missouri,0,4,0%,48.75
r&d funding,0,4,0%,49
canadian government grants and loans,0,4,0%,49.25
government grants for manufacturing,0,4,0%,49.25
small business grants new york state,0,4,0%,49.25
indigenous business loans,0,4,0%,49.75
revenue solutions for canadian startups,0,4,0%,49.75
women owned business grants california,0,4,0%,50
new business grants bc,0,4,0%,50.25
government programs supporting innovation funding,0,4,0%,51.5
loans small business administration,0,4,0%,51.5
how to get a business loan in alberta,0,4,0%,52
federal research and development funding,0,4,0%,52.25
federal business development bank loans,0,4,0%,52.5
smb loans,0,4,0%,52.5
small business innovation grants,0,4,0%,53
tax incentives iowa business,0,4,0%,53
wisconsin business incentives,0,4,0%,53
start up grants canada,0,4,0%,54
tskr for startups,0,4,0%,54
canadian government small business loans,0,4,0%,54.5
iowa business assistance,0,4,0%,54.5
pre seed funding colorado,0,4,0%,54.75
canadian grants for new business,0,4,0%,55
sba loan canada,0,4,0%,56.5
canadian startup funding,0,4,0%,57
government small business loan,0,4,0%,57
maine small business grants,0,4,0%,57
research and development funding,0,4,0%,57.25
digital grants canada,0,4,0%,58.25
innovation grants 2022,0,4,0%,58.5
small business grants in washington,0,4,0%,58.5
canadian government business loans,0,4,0%,59.75
small business grants in oregon,0,4,0%,60
digital fsop,0,4,0%,60.25
ny small business grants,0,4,0%,60.25
canadian grants for small business,0,4,0%,60.5
women in business canada,0,4,0%,60.5
"canadian federal government microsoft 
consulting,,i|c,-,,,-,,,1,organic,https://dstrat.com/canadian-federal-government-microsoft-consulting,1,organic,https://dstrat.com/canadian-federal-government-microsoft-consulting,1,organic,https://dstrat.com/canadian",0,4,0%,60.75
loan for small business from government,0,4,0%,61
business assistance for iowa,0,4,0%,61.25
government funding for technology,0,4,0%,61.5
bc government grants for small business,0,4,0%,62.5
grants for entrepreneurs canada,0,4,0%,62.5
sba microloan requirements,0,4,0%,63
british columbia business grants,0,4,0%,63.25
canadian business loans and grants,0,4,0%,63.25
ontario business grants,0,4,0%,63.75
start up business grants canada,0,4,0%,64
government loan for small business,0,4,0%,64.25
canada grant small business,0,4,0%,64.5
canadian business grants for small businesses,0,4,0%,64.5
startup funding in canada,0,4,0%,64.75
digital marketing grants,0,4,0%,65
canada business startup loans,0,4,0%,65.5
women's business grant,0,4,0%,66
business grants ontario,0,4,0%,66.5
bc grants small business,0,4,0%,67.25
business start up grants canada,0,4,0%,67.5
grants for new businesses canada,0,4,0%,67.75
ontario small business grants,0,4,0%,68
grants for canadian businesses,0,4,0%,68.75
business grants small,0,4,0%,69.25
grants and incentives,0,4,0%,69.5
loan for indigenous entrepreneur,0,4,0%,71.5
canada small business loans,0,4,0%,72
irap meaning,0,4,0%,73.5
startup company grants,0,4,0%,74.5
government grants for small business bc,0,4,0%,74.75
small business funding in iowa,0,4,0%,75
small business loans and grants,0,4,0%,75.25
startup loans canada,0,4,0%,75.25
"pos systems for restaurants minneapolis -stripe -square -paypal -toast 
-reviews -reddit -api -developer",0,4,0%,75.75
retail grants,0,4,0%,75.75
small business loans in canada,0,4,0%,75.75
loans for small business canada,0,4,0%,76
start-up grants,0,4,0%,76
how to get a business loan canada,0,4,0%,77
what is an sba microloan,0,4,0%,77
csbfl loan requirements,0,4,0%,78.5
business start up loans canada,0,4,0%,79.25
small business loan ontario,0,4,0%,79.75
free grants for small business,0,4,0%,80
grants to start a business,0,4,0%,81.5
how to get funding to start a business,0,4,0%,84
financing for woman owned business,0,4,0%,87.25
local grants for small business,0,4,0%,91.25
apply for small business grants,0,4,0%,92
how to apply for business funding,0,4,0%,92.5
grants for immigrants to start a business,0,4,0%,97.75
dod sbir 2026,0,3,0%,2
yes,0,3,0%,4
fsi 49,0,3,0%,6
funding estimate,0,3,0%,6
grants restaurant,0,3,0%,7
woman owned business grant,0,3,0%,7.33
women business loans and grants,0,3,0%,7.67
emergency grants for women,0,3,0%,8.33
free grants for women-owned businesses,0,3,0%,9
grant calculator,0,3,0%,9
recent government funding events for online tutoring edtech in us states,0,3,0%,9.33
usda sbir phase i 2026,0,3,0%,9.33
awe grant,0,3,0%,9.67
cybf,0,3,0%,9.67
grant for women,0,3,0%,10
grants for black-owned businesses 2026,0,3,0%,10.33
"""jobsohio inclusion grant"" ""51%""",0,3,0%,10.67
core scientific grand forks 1 tax incentives grand forks nd,0,3,0%,11
grants for veterans canada,0,3,0%,11
cincinnati small business financing and grants,0,3,0%,12
small business grants minnesota 2026,0,3,0%,12.67
pfund bipoc business grant,0,3,0%,13.33
grants for trades,0,3,0%,14.33
federal programs canada,0,3,0%,14.67
retail market development funding,0,3,0%,16.67
us small business administration grants,0,3,0%,17.33
university at buffalo business funding opportunities,0,3,0%,17.67
grand rapids startup fundraising,0,3,0%,18
additional sba funding,0,3,0%,20
chandler small business resources,0,3,0%,20
saas funding usa,0,3,0%,20.67
social enterprise grants,0,3,0%,20.67
federal funding canada,0,3,0%,21.33
sba funding,0,3,0%,21.33
canadian aboriginal business grants,0,3,0%,21.67
small business grants vermont,0,3,0%,21.67
start up ny program,0,3,0%,22.33
canadian innovation grants,0,3,0%,22.67
grants for starting a small business in alberta,0,3,0%,22.67
green energy grants canada,0,3,0%,22.67
seed fund nsf,0,3,0%,23.67
small business funding in minnesota,0,3,0%,23.67
the amber grant,0,3,0%,23.67
grants for construction companies canada,0,3,0%,24
british columbia small business grants,0,3,0%,24.33
youth entrepreneurship program,0,3,0%,24.33
government canada grants,0,3,0%,24.67
manufacturing grants wisconsin,0,3,0%,25
alberta women's entrepreneurs grant,0,3,0%,25.67
government grants for women,0,3,0%,25.67
greenhouse grants ontario,0,3,0%,25.67
tech startup grants,0,3,0%,26
minority women small business resources in il,0,3,0%,27
canadian government programs,0,3,0%,27.33
startup accelerator bay area,0,3,0%,27.33
"""it managed services"" private equity ""wichita""",0,3,0%,27.67
ontario innovation grant plus all province versions,0,3,0%,27.67
ai funding canada,0,3,0%,28.67
social enterprise grants canada,0,3,0%,28.67
funding a washington llc,0,3,0%,29
grants in saskatchewan,0,3,0%,29
amber grant application tips,0,3,0%,30
grant for small business alberta,0,3,0%,30
technology grants for schools,0,3,0%,30
innovation fund canada,0,3,0%,30.67
small business funding in vermont,0,3,0%,31
north carolina innovation funds,0,3,0%,32
canada innovation fund,0,3,0%,32.33
how to get grants in canada,0,3,0%,33
renewable energy finance rockville,0,3,0%,33.33
agriculture canada grants,0,3,0%,33.67
arkansas small business grants,0,3,0%,34.33
irap yep,0,3,0%,34.33
accelerators that don t take equity,0,3,0%,34.67
csbf loan interest rate,0,3,0%,34.67
technology company incentives wisconsin,0,3,0%,34.67
federal goverment grant,0,3,0%,35
small business incentives 2026,0,3,0%,35
trades grants ontario,0,3,0%,35
black-owned business funding minnesota,0,3,0%,35.33
nevada business grants,0,3,0%,35.33
canada grant,0,3,0%,36
grand rapids business loans,0,3,0%,36
grants for innovative projects,0,3,0%,36
grant application canada,0,3,0%,36.33
funding advisory canada,0,3,0%,36.67
federal grant money,0,3,0%,37
r&d grant funding,0,3,0%,37
rhode island small business grants,0,3,0%,37
indigenous business grants bc,0,3,0%,37.33
irap funding requirements,0,3,0%,38
kentucky small business grants,0,3,0%,38
iowa business incentives,0,3,0%,38.33
sme grant funding canada,0,3,0%,38.33
bdc digital adoption,0,3,0%,38.67
canadian government subsidies,0,3,0%,38.67
canada funding programs,0,3,0%,39
canada grants news,0,3,0%,39
canada small business loan 40000,0,3,0%,39.33
grants from the government,0,3,0%,40
small business grants rhode island,0,3,0%,40
the complete guide to ontario small business grants 2026,0,3,0%,40.33
canexport smes,0,3,0%,40.67
health funding,0,3,0%,41
accelerator without equity,0,3,0%,41.33
defense health agency sbir,0,3,0%,41.67
business incentives oregon,0,3,0%,42
serp for small business san diego,0,3,0%,42
american seed fund,0,3,0%,42.33
government funding programs,0,3,0%,42.67
aboriginal grants for starting a business alberta,0,3,0%,43
energy grants canada,0,3,0%,43.33
minority startup business loans,0,3,0%,43.33
new york state seed funding grant program,0,3,0%,43.67
business funding orlando,0,3,0%,44
government of canada loans for small business,0,3,0%,44.67
agricultural grants canada,0,3,0%,45
bdc loan,0,3,0%,45
rhode island grants,0,3,0%,45
canada r&d,0,3,0%,45.33
wisconsin small business grants,0,3,0%,45.33
innovation funding gov,0,3,0%,45.67
canadian youth business foundation,0,3,0%,46
innovation grants 2023,0,3,0%,46
kansas city business incentives,0,3,0%,46
small business capital in santee ca,0,3,0%,46