URL,Last crawled
https://www.fsidigital.ca/grants/ab/edmonton/agriculture,2026-08-07
https://www.fsidigital.ca/blog/cybersecurity-grants,2026-08-04
https://www.fsidigital.ca/usa/alaska/anchorage,2026-08-03
https://www.fsidigital.ca/grants/ca/riverside/logistics,2026-08-02
https://www.fsidigital.ca/blog/digital-transformation-2026-archive,2026-08-01
https://www.fsidigital.ca/guides/apply-quebec-business-grants,2026-08-01
https://www.fsidigital.ca/usa/tennessee/nashville,2026-08-01
https://www.fsidigital.ca/database,2026-07-31
https://www.fsidigital.ca/grants/co/denver/veterans,2026-07-28
https://www.fsidigital.ca/grants/qc/montreal/healthcare,2026-07-26
https://www.fsidigital.ca/calendar,2026-07-22
https://www.fsidigital.ca/grants/bc/kelowna/healthcare,2026-07-22
https://www.fsidigital.ca/grants/ca/chula-vista/restaurants-hospitality,2026-07-22
https://www.fsidigital.ca/grants/mn/minneapolis/veterans,2026-07-22
https://www.fsidigital.ca/grants/nj/jersey-city/manufacturing,2026-07-22
https://www.fsidigital.ca/grants/oh/toledo/logistics,2026-07-22
https://www.fsidigital.ca/grants/on/vaughan/construction,2026-07-21
https://www.fsidigital.ca/grants/sk/saskatoon/clean-energy,2026-07-21
https://www.fsidigital.ca/grants/bc/vancouver/healthcare,2026-07-21
https://www.fsidigital.ca/grants/on/ottawa/clean-energy,2026-07-21
https://www.fsidigital.ca/grants/ks/wichita/retail,2026-07-21
https://www.fsidigital.ca/grants/ks/wichita/technology,2026-07-21
https://www.fsidigital.ca/grants/tx/dallas/veterans,2026-07-20
https://www.fsidigital.ca/grants/on/ottawa/construction,2026-07-20
https://www.fsidigital.ca/grants/mb/winnipeg/arts-entertainment,2026-07-19
https://www.fsidigital.ca/grants/bc/vancouver/veterans,2026-07-19
https://www.fsidigital.ca/grants/on/toronto/veterans,2026-07-19
https://www.fsidigital.ca/grants/ca/santa-ana/logistics,2026-07-17
https://www.fsidigital.ca/grants/qc/quebec-city/technology,2026-07-17
https://www.fsidigital.ca/grants/on/toronto/manufacturing,2026-07-17
https://www.fsidigital.ca/grants/nv/henderson/non-profits,2026-07-17
https://www.fsidigital.ca/grants/nv/henderson/technology,2026-07-16
https://www.fsidigital.ca/blog/women-social-enterprise-grants-canada,2026-07-15
https://www.fsidigital.ca/grants/sk/regina/logistics,2026-07-15
https://www.fsidigital.ca/grants/ky/louisville/education,2026-07-13
https://www.fsidigital.ca/grants/or/portland/restaurants-hospitality,2026-07-13
https://www.fsidigital.ca/blog/q4-2026-deadlines,2026-07-13
https://www.fsidigital.ca/grants/co/colorado-springs/non-profits,2026-07-13
https://www.fsidigital.ca/grants/co/colorado-springs/minority-owned,2026-07-13
https://www.fsidigital.ca/grants/la/new-orleans/clean-energy,2026-07-13
https://www.fsidigital.ca/usa/nebraska,2026-07-13
https://www.fsidigital.ca/grants/ab/medicine-hat/arts-entertainment,2026-07-12
https://www.fsidigital.ca/grants/mb/winnipeg/logistics,2026-07-12
https://www.fsidigital.ca/grants/mb/winnipeg/education,2026-07-12
https://www.fsidigital.ca/grants/bc/surrey/education,2026-07-12
https://www.fsidigital.ca/grants/mn/saint-paul/logistics,2026-07-10
https://www.fsidigital.ca/grants/ab/edmonton/construction,2026-07-09
https://www.fsidigital.ca/grants/ks/wichita/logistics,2026-07-09
https://www.fsidigital.ca/grants/bc/kamloops/minority-owned,2026-07-09
https://www.fsidigital.ca/grants/ma/boston/clean-energy,2026-07-09
https://www.fsidigital.ca/usa/iowa/des-moines,2026-07-09
https://www.fsidigital.ca/usa/new-hampshire,2026-07-09
https://www.fsidigital.ca/grants/sk/saskatoon/retail,2026-07-09
https://www.fsidigital.ca/usa/vermont,2026-07-09
https://www.fsidigital.ca/grants/mi/detroit/healthcare,2026-07-06
https://www.fsidigital.ca/grants/fl/miami/construction,2026-07-06
https://www.fsidigital.ca/grants/nc/raleigh/non-profits,2026-07-06
https://www.fsidigital.ca/grants/tx/fort-worth/veterans,2026-07-06
https://www.fsidigital.ca/grants/mn/saint-paul/restaurants-hospitality,2026-07-06
https://www.fsidigital.ca/grants/fl/orlando/arts-entertainment,2026-07-05
https://www.fsidigital.ca/grants/la/new-orleans/women-entrepreneurs,2026-07-05
https://www.fsidigital.ca/grants/az/tucson/retail,2026-07-05
https://www.fsidigital.ca/grants/on/mississauga/technology,2026-07-05
https://www.fsidigital.ca/grants/ca/bakersfield/construction,2026-07-05
https://www.fsidigital.ca/grants/tx/fort-worth/arts-entertainment,2026-07-05
https://www.fsidigital.ca/grants/tx/fort-worth/minority-owned,2026-07-05
https://www.fsidigital.ca/grants/qc/sherbrooke/agriculture,2026-07-05
https://www.fsidigital.ca/grants/tx/corpus-christi/minority-owned,2026-07-05
https://www.fsidigital.ca/grants/tx/lubbock/technology,2026-07-05
https://www.fsidigital.ca/grants/on/mississauga/veterans,2026-07-05
https://www.fsidigital.ca/grants/tx/arlington/education,2026-07-05
https://www.fsidigital.ca/grants/ga/atlanta/technology,2026-07-05
https://www.fsidigital.ca/grants/tx/houston/veterans,2026-07-05
https://www.fsidigital.ca/grants/oh/cleveland/restaurants-hospitality,2026-07-05
https://www.fsidigital.ca/grants/tx/arlington/minority-owned,2026-07-05
https://www.fsidigital.ca/grants/ga/atlanta/veterans,2026-07-05
https://www.fsidigital.ca/grants/ks/wichita/non-profits,2026-07-05
https://www.fsidigital.ca/grants/nm/albuquerque/construction,2026-07-05
https://www.fsidigital.ca/grants/oh/cleveland/technology,2026-07-05
https://www.fsidigital.ca/grants/ca/santa-ana/agriculture,2026-07-05
https://www.fsidigital.ca/grants/qc/quebec-city/retail,2026-07-05
https://www.fsidigital.ca/grants/ne/omaha/women-entrepreneurs,2026-07-05
https://www.fsidigital.ca/grants/tx/austin/healthcare,2026-07-05
https://www.fsidigital.ca/grants/oh/cleveland/construction,2026-07-05
https://www.fsidigital.ca/grants/tx/fort-worth/restaurants-hospitality,2026-07-05
https://www.fsidigital.ca/grants/co/denver/logistics,2026-07-05
https://www.fsidigital.ca/grants/tx/lubbock/manufacturing,2026-07-05
https://www.fsidigital.ca/grants/tx/plano/healthcare,2026-07-04
https://www.fsidigital.ca/grants/oh/cleveland/veterans,2026-07-04
https://www.fsidigital.ca/grants/la/new-orleans/technology,2026-07-04
https://www.fsidigital.ca/grants/co/colorado-springs/clean-energy,2026-07-04
https://www.fsidigital.ca/grants/ky/louisville/minority-owned,2026-07-04
https://www.fsidigital.ca/grants/mn/minneapolis/logistics,2026-07-04
https://www.fsidigital.ca/grants/ga/atlanta/education,2026-07-04
https://www.fsidigital.ca/grants/ny/rochester/healthcare,2026-07-04
https://www.fsidigital.ca/grants/co/colorado-springs/women-entrepreneurs,2026-07-04
https://www.fsidigital.ca/grants/fl/miami/healthcare,2026-07-04
https://www.fsidigital.ca/grants/fl/orlando/clean-energy,2026-07-04
https://www.fsidigital.ca/grants/tx/austin/manufacturing,2026-07-04
https://www.fsidigital.ca/grants/nv/henderson/veterans,2026-07-04
https://www.fsidigital.ca/grants/tx/plano/women-entrepreneurs,2026-07-03
https://www.fsidigital.ca/grants/oh/cleveland/minority-owned,2026-07-03
https://www.fsidigital.ca/grants/oh/cleveland/agriculture,2026-07-03
https://www.fsidigital.ca/grants/oh/cleveland/non-profits,2026-07-03
https://www.fsidigital.ca/grants/ks/wichita/minority-owned,2026-07-03
https://www.fsidigital.ca/grants/ks/wichita/restaurants-hospitality,2026-07-03
https://www.fsidigital.ca/grants/ks/wichita/healthcare,2026-07-03
https://www.fsidigital.ca/grants/tx/lubbock/construction,2026-07-03
https://www.fsidigital.ca/grants/ks/wichita/women-entrepreneurs,2026-07-03
https://www.fsidigital.ca/grants/fl/jacksonville/non-profits,2026-07-03
https://www.fsidigital.ca/grants/md/baltimore/healthcare,2026-07-03
https://www.fsidigital.ca/grants/wa/seattle/healthcare,2026-07-03
https://www.fsidigital.ca/grants/ns/halifax/manufacturing,2026-07-03
https://www.fsidigital.ca/grants/tx/el-paso/retail,2026-07-03
https://www.fsidigital.ca/grants/ks/wichita/agriculture,2026-07-03
https://www.fsidigital.ca/grants/oh/cleveland/manufacturing,2026-07-03
https://www.fsidigital.ca/grants/fl/jacksonville/education,2026-07-03
https://www.fsidigital.ca/grants/oh/cleveland/healthcare,2026-07-03
https://www.fsidigital.ca/blog/new-york-business-grants-2026,2026-07-03
https://www.fsidigital.ca/grants/fl/jacksonville/arts-entertainment,2026-07-03
https://www.fsidigital.ca/grants/mn/minneapolis/healthcare,2026-07-03
https://www.fsidigital.ca/grants/ne/omaha/agriculture,2026-07-03
https://www.fsidigital.ca/grants/tx/plano/restaurants-hospitality,2026-07-03
https://www.fsidigital.ca/grants/ab/edmonton/retail,2026-07-03
https://www.fsidigital.ca/grants/tx/plano/logistics,2026-07-03
https://www.fsidigital.ca/grants/on/brampton/arts-entertainment,2026-07-03
https://www.fsidigital.ca/grants/fl/tampa/non-profits,2026-07-03
https://www.fsidigital.ca/grants/fl/hialeah/veterans,2026-07-03
https://www.fsidigital.ca/grants/ca/oakland/healthcare,2026-07-03
https://www.fsidigital.ca/grants/ca/san-diego/women-entrepreneurs,2026-07-03
https://www.fsidigital.ca/grants/fl/hialeah/women-entrepreneurs,2026-07-03
https://www.fsidigital.ca/grants/tx/corpus-christi/education,2026-07-02
https://www.fsidigital.ca/grants/md/baltimore/technology,2026-07-02
https://www.fsidigital.ca/grants/tx/fort-worth/agriculture,2026-07-02
https://www.fsidigital.ca/grants/bc/victoria/technology,2026-07-02
https://www.fsidigital.ca/grants/tx/el-paso/healthcare,2026-07-02
https://www.fsidigital.ca/grants/fl/orlando/restaurants-hospitality,2026-07-02
https://www.fsidigital.ca/grants/ca/anaheim/construction,2026-07-02
https://www.fsidigital.ca/grants/ky/louisville/clean-energy,2026-07-02
https://www.fsidigital.ca/grants/fl/orlando/agriculture,2026-07-02
https://www.fsidigital.ca/grants/tx/arlington/technology,2026-07-02
https://www.fsidigital.ca/grants/tx/el-paso/logistics,2026-07-02
https://www.fsidigital.ca/grants/ga/atlanta/manufacturing,2026-07-02
https://www.fsidigital.ca/grants/fl/orlando/veterans,2026-07-02
https://www.fsidigital.ca/grants/tx/houston/education,2026-07-02
https://www.fsidigital.ca/grants/ok/tulsa/veterans,2026-07-02
https://www.fsidigital.ca/grants/ga/atlanta/agriculture,2026-07-02
https://www.fsidigital.ca/grants/nc/greensboro/manufacturing,2026-07-02
https://www.fsidigital.ca/grants/fl/st-petersburg/education,2026-07-02
https://www.fsidigital.ca/grants/tx/arlington/healthcare,2026-07-02
https://www.fsidigital.ca/grants/ga/atlanta/retail,2026-07-02
https://www.fsidigital.ca/grants/qc/longueuil/retail,2026-07-02
https://www.fsidigital.ca/grants/tx/san-antonio/minority-owned,2026-07-02
https://www.fsidigital.ca/grants/fl/tampa/women-entrepreneurs,2026-07-02
https://www.fsidigital.ca/grants/bc/victoria/manufacturing,2026-07-02
https://www.fsidigital.ca/grants/tx/arlington/manufacturing,2026-07-02
https://www.fsidigital.ca/grants/tx/san-antonio/healthcare,2026-07-02
https://www.fsidigital.ca/grants/fl/st-petersburg/healthcare,2026-07-02
https://www.fsidigital.ca/grants/on/hamilton/non-profits,2026-07-02
https://www.fsidigital.ca/grants/co/colorado-springs/agriculture,2026-07-02
https://www.fsidigital.ca/grants/fl/tallahassee/retail,2026-07-02
https://www.fsidigital.ca/grants/az/tucson/arts-entertainment,2026-07-02
https://www.fsidigital.ca/grants/on/hamilton/retail,2026-07-01
https://www.fsidigital.ca/grants/fl/hialeah/construction,2026-07-01
https://www.fsidigital.ca/grants/co/colorado-springs/arts-entertainment,2026-07-01
https://www.fsidigital.ca/grants/ca/san-jose/minority-owned,2026-07-01
https://www.fsidigital.ca/grants/ma/boston/logistics,2026-06-30
https://www.fsidigital.ca/grants/fl/hialeah/minority-owned,2026-06-30
https://www.fsidigital.ca/grants/co/colorado-springs/manufacturing,2026-06-30
https://www.fsidigital.ca/grants/fl/jacksonville/clean-energy,2026-06-30
https://www.fsidigital.ca/grants/co/colorado-springs/logistics,2026-06-30
https://www.fsidigital.ca/grants/co/colorado-springs/construction,2026-06-30
https://www.fsidigital.ca/grants/co/colorado-springs/retail,2026-06-30
https://www.fsidigital.ca/grants/az/tucson/education,2026-06-30
https://www.fsidigital.ca/grants/co/colorado-springs/healthcare,2026-06-30
https://www.fsidigital.ca/grants/tx/fort-worth/retail,2026-06-30
https://www.fsidigital.ca/grants/co/colorado-springs/restaurants-hospitality,2026-06-30
https://www.fsidigital.ca/grants/co/colorado-springs/education,2026-06-30
https://www.fsidigital.ca/grants/tx/el-paso/technology,2026-06-30
https://www.fsidigital.ca/grants/tx/corpus-christi/agriculture,2026-06-30
https://www.fsidigital.ca/grants/nc/raleigh/women-entrepreneurs,2026-06-30
https://www.fsidigital.ca/grants/bc/abbotsford/non-profits,2026-06-30
https://www.fsidigital.ca/grants/nm/albuquerque/veterans,2026-06-29
https://www.fsidigital.ca/grants/tx/houston/technology,2026-06-29
https://www.fsidigital.ca/grants/tx/corpus-christi/restaurants-hospitality,2026-06-29
https://www.fsidigital.ca/grants/qc/sherbrooke/arts-entertainment,2026-06-29
https://www.fsidigital.ca/grants/fl/st-petersburg/restaurants-hospitality,2026-06-29
https://www.fsidigital.ca/grants/az/tucson/technology,2026-06-29
https://www.fsidigital.ca/grants/az/tucson/healthcare,2026-06-29
https://www.fsidigital.ca/grants/az/tucson/women-entrepreneurs,2026-06-29
https://www.fsidigital.ca/grants/tx/arlington/veterans,2026-06-29
https://www.fsidigital.ca/grants/nc/charlotte/retail,2026-06-29
https://www.fsidigital.ca/grants/fl/st-petersburg/agriculture,2026-06-29
https://www.fsidigital.ca/grants/tx/el-paso/arts-entertainment,2026-06-29
https://www.fsidigital.ca/grants/tx/el-paso/restaurants-hospitality,2026-06-29
https://www.fsidigital.ca/grants/fl/jacksonville/women-entrepreneurs,2026-06-29
https://www.fsidigital.ca/grants/bc/kelowna/manufacturing,2026-06-29
https://www.fsidigital.ca/grants/nc/charlotte/arts-entertainment,2026-06-29
https://www.fsidigital.ca/grants/fl/jacksonville/manufacturing,2026-06-29
https://www.fsidigital.ca/grants/il/chicago/agriculture,2026-06-28
https://www.fsidigital.ca/grants/nm/albuquerque/logistics,2026-06-28
https://www.fsidigital.ca/usa/new-mexico/albuquerque,2026-06-28
https://www.fsidigital.ca/grants/fl/tampa/construction,2026-06-28
https://www.fsidigital.ca/grants/tx/lubbock/healthcare,2026-06-28
https://www.fsidigital.ca/grants/ny/rochester/logistics,2026-06-28
https://www.fsidigital.ca/grants/fl/orlando/education,2026-06-28
https://www.fsidigital.ca/grants/nc/raleigh/veterans,2026-06-28
https://www.fsidigital.ca/grants/ne/omaha/logistics,2026-06-28
https://www.fsidigital.ca/grants/tx/corpus-christi/arts-entertainment,2026-06-28
https://www.fsidigital.ca/grants/fl/orlando/minority-owned,2026-06-28
https://www.fsidigital.ca/grants/fl/tallahassee/construction,2026-06-28
https://www.fsidigital.ca/grants/tx/fort-worth/non-profits,2026-06-28
https://www.fsidigital.ca/grants/fl/st-petersburg/veterans,2026-06-28
https://www.fsidigital.ca/grants/qc/longueuil/construction,2026-06-28
https://www.fsidigital.ca/grants/dc/washington/technology,2026-06-28
https://www.fsidigital.ca/grants/qc/levis/manufacturing,2026-06-28
https://www.fsidigital.ca/grants/tx/fort-worth/technology,2026-06-28
https://www.fsidigital.ca/grants/md/baltimore/retail,2026-06-28
https://www.fsidigital.ca/grants/fl/tampa/veterans,2026-06-28
https://www.fsidigital.ca/grants/fl/st-petersburg/arts-entertainment,2026-06-28
https://www.fsidigital.ca/grants/fl/hialeah/agriculture,2026-06-28
https://www.fsidigital.ca/grants/wi/milwaukee/minority-owned,2026-06-28
https://www.fsidigital.ca/grants/tx/dallas/healthcare,2026-06-28
https://www.fsidigital.ca/grants/ca/los-angeles/logistics,2026-06-28
https://www.fsidigital.ca/grants/ma/boston/veterans,2026-06-27
https://www.fsidigital.ca/grants/az/tucson/minority-owned,2026-06-27
https://www.fsidigital.ca/grants/tx/lubbock/minority-owned,2026-06-27
https://www.fsidigital.ca/grants/ky/louisville/healthcare,2026-06-27
https://www.fsidigital.ca/grants/fl/tallahassee/minority-owned,2026-06-27
https://www.fsidigital.ca/grants/az/phoenix/education,2026-06-26
https://www.fsidigital.ca/grants/wi/milwaukee/veterans,2026-06-26
https://www.fsidigital.ca/grants/tx/lubbock/restaurants-hospitality,2026-06-26
https://www.fsidigital.ca/grants/tx/lubbock/veterans,2026-06-26
https://www.fsidigital.ca/grants/tx/san-antonio/education,2026-06-26
https://www.fsidigital.ca/grants/fl/hialeah/education,2026-06-26
https://www.fsidigital.ca/grants/fl/hialeah/healthcare,2026-06-26
https://www.fsidigital.ca/grants/md/baltimore/clean-energy,2026-06-25
https://www.fsidigital.ca/grants/md/baltimore/veterans,2026-06-25
https://www.fsidigital.ca/grants/nc/charlotte/technology,2026-06-25
https://www.fsidigital.ca/grants/nc/raleigh/technology,2026-06-25
https://www.fsidigital.ca/grants/az/tucson/veterans,2026-06-25
https://www.fsidigital.ca/grants/mi/detroit/construction,2026-06-25
https://www.fsidigital.ca/grants/wi/milwaukee/women-entrepreneurs,2026-06-25
https://www.fsidigital.ca/grants/co/denver/construction,2026-06-25
https://www.fsidigital.ca/grants/fl/jacksonville/healthcare,2026-06-25
https://www.fsidigital.ca/grants/mb/winnipeg/healthcare,2026-06-25
https://www.fsidigital.ca/grants/wi/milwaukee/retail,2026-06-25
https://www.fsidigital.ca/grants/fl/st-petersburg/construction,2026-06-25
https://www.fsidigital.ca/grants/ky/louisville/veterans,2026-06-25
https://www.fsidigital.ca/grants/fl/tallahassee/arts-entertainment,2026-06-25
https://www.fsidigital.ca/grants/fl/st-petersburg/logistics,2026-06-25
https://www.fsidigital.ca/grants/fl/jacksonville/retail,2026-06-25
https://www.fsidigital.ca/grants/fl/tallahassee/non-profits,2026-06-25
https://www.fsidigital.ca/grants/fl/st-petersburg/manufacturing,2026-06-25
https://www.fsidigital.ca/grants/fl/jacksonville/minority-owned,2026-06-25
https://www.fsidigital.ca/grants/az/tucson/non-profits,2026-06-25
https://www.fsidigital.ca/guides/canada-aerospace-defence-funding-guide,2026-06-25
https://www.fsidigital.ca/grants/bc/vancouver/clean-energy,2026-06-24
https://www.fsidigital.ca/grants/il/chicago/arts-entertainment,2026-06-24
https://www.fsidigital.ca/grants/ky/louisville/restaurants-hospitality,2026-06-24
https://www.fsidigital.ca/grants/nv/las-vegas/technology,2026-06-24
https://www.fsidigital.ca/grants/nm/albuquerque/agriculture,2026-06-24
https://www.fsidigital.ca/grants/nb/saint-john/manufacturing,2026-06-24
https://www.fsidigital.ca/grants/md/baltimore/manufacturing,2026-06-24
https://www.fsidigital.ca/grants/ny/rochester/manufacturing,2026-06-24
https://www.fsidigital.ca/grants/tx/lubbock/women-entrepreneurs,2026-06-24
https://www.fsidigital.ca/grants/md/baltimore/women-entrepreneurs,2026-06-24
https://www.fsidigital.ca/grants/ny/buffalo/healthcare,2026-06-24
https://www.fsidigital.ca/usa/tennessee/chattanooga,2026-06-24
https://www.fsidigital.ca/grants/md/baltimore/construction,2026-06-24
https://www.fsidigital.ca/grants/az/tucson/clean-energy,2026-06-24
https://www.fsidigital.ca/grants/ky/louisville/agriculture,2026-06-24
https://www.fsidigital.ca/grants/tx/el-paso/clean-energy,2026-06-24
https://www.fsidigital.ca/grants/md/baltimore/agriculture,2026-06-24
https://www.fsidigital.ca/blog/canada-regional-development-2026,2026-06-24
https://www.fsidigital.ca/grants/qc/sherbrooke/technology,2026-06-24
https://www.fsidigital.ca/grants/fl/tallahassee/agriculture,2026-06-24
https://www.fsidigital.ca/grants/nv/las-vegas/agriculture,2026-06-24
https://www.fsidigital.ca/grants/nm/albuquerque/education,2026-06-24
https://www.fsidigital.ca/grants/az/phoenix/healthcare,2026-06-24
https://www.fsidigital.ca/grants/tx/plano/manufacturing,2026-06-24
https://www.fsidigital.ca/usa/nevada/las-vegas,2026-06-24
https://www.fsidigital.ca/grants/nm/albuquerque/technology,2026-06-24
https://www.fsidigital.ca/grants/qc/levis/veterans,2026-06-24
https://www.fsidigital.ca/grants/tn/memphis/technology,2026-06-24
https://www.fsidigital.ca/grants/nv/las-vegas/education,2026-06-24
https://www.fsidigital.ca/grants/tn/memphis/manufacturing,2026-06-24
https://www.fsidigital.ca/grants/nv/las-vegas/women-entrepreneurs,2026-06-24
https://www.fsidigital.ca/grants/bc/abbotsford/education,2026-06-24
https://www.fsidigital.ca/grants/tn/memphis/agriculture,2026-06-24
https://www.fsidigital.ca/grants/nv/las-vegas/restaurants-hospitality,2026-06-24
https://www.fsidigital.ca/grants/nv/las-vegas/arts-entertainment,2026-06-24
https://www.fsidigital.ca/blog/canada-technology-adoption-grants-guide,2026-06-24
https://www.fsidigital.ca/grants/nv/las-vegas/veterans,2026-06-24
https://www.fsidigital.ca/grants/ny/syracuse/veterans,2026-06-24
https://www.fsidigital.ca/guides/apply-british-columbia-grants,2026-06-24
https://www.fsidigital.ca/grants/ne/omaha/construction,2026-06-24
https://www.fsidigital.ca/grants/ky/louisville/retail,2026-06-24
https://www.fsidigital.ca/grants/tn/memphis/healthcare,2026-06-22
https://www.fsidigital.ca/grants/nm/albuquerque/arts-entertainment,2026-06-22
https://www.fsidigital.ca/grants/co/denver/agriculture,2026-06-22
https://www.fsidigital.ca/grants/nv/las-vegas/minority-owned,2026-06-22
https://www.fsidigital.ca/grants/ky/louisville/non-profits,2026-06-22
https://www.fsidigital.ca/grants/ny/yonkers/retail,2026-06-22
https://www.fsidigital.ca/blog/top-10-no-equity-grants-black-female-entrepreneurs,2026-06-21
https://www.fsidigital.ca/usa/oklahoma,2026-06-21
https://www.fsidigital.ca/grants/co/denver/restaurants-hospitality,2026-06-21
https://www.fsidigital.ca/grants/nv/las-vegas/manufacturing,2026-06-20
https://www.fsidigital.ca/grants/ca/fresno/women-entrepreneurs,2026-06-20
https://www.fsidigital.ca/grants/in/indianapolis/arts-entertainment,2026-06-20
https://www.fsidigital.ca/guides/california-loan-guarantee-guide,2026-06-20
https://www.fsidigital.ca/grants/pa/philadelphia/logistics,2026-06-20
https://www.fsidigital.ca/grants/mi/detroit/restaurants-hospitality,2026-06-20
https://www.fsidigital.ca/grants/ca/los-angeles/arts-entertainment,2026-06-19
https://www.fsidigital.ca/grants/fl/miami/veterans,2026-06-17
https://www.fsidigital.ca/grants/nc/durham/technology,2026-06-16
https://www.fsidigital.ca/grants/on/kingston/minority-owned,2026-06-15
https://www.fsidigital.ca/grants/on/hamilton/restaurants-hospitality,2026-06-15
https://www.fsidigital.ca/blog/ontario-government-business-grants,2026-06-15
https://www.fsidigital.ca/usa/nebraska/grand-island,2026-06-15
https://www.fsidigital.ca/usa/georgia/augusta,2026-06-11
https://www.fsidigital.ca/grants/fl/tampa/healthcare,2026-06-08
https://www.fsidigital.ca/grants/in/indianapolis/logistics,2026-06-07
https://www.fsidigital.ca/usa/ohio/columbus,2026-06-06
https://www.fsidigital.ca/florida-business-grants-consultation,2026-06-06
https://www.fsidigital.ca/grants/on/burlington/logistics,2026-06-05
https://www.fsidigital.ca/grants/bc,2026-06-04
https://www.fsidigital.ca/grants/ca/oakland,2026-06-04
https://www.fsidigital.ca/_next/static/media/bb3ef058b751a6ad-s.p.woff2,2026-06-04
https://www.fsidigital.ca/feed.xml,2026-06-04
https://www.fsidigital.ca/usa/illinois/peoria,2026-06-04
https://www.fsidigital.ca/grants/ny/buffalo,2026-06-04
https://www.fsidigital.ca/grants/ok/oklahoma-city/arts-entertainment,2026-06-04
https://www.fsidigital.ca/usa/alaska/juneau,2026-06-04
https://www.fsidigital.ca/usa/utah/st-george,2026-06-03
https://www.fsidigital.ca/usa/kansas/kansas-city-ks,2026-06-03
https://www.fsidigital.ca/blog/rural-business-development-2026,2026-06-03
https://www.fsidigital.ca/usa/alabama/huntsville,2026-06-03
https://www.fsidigital.ca/blog/sba-7a-loans-complete-guide,2026-06-03
https://www.fsidigital.ca/usa/florida/tampa,2026-06-03
https://www.fsidigital.ca/grants/on/ottawa/veterans,2026-06-03
https://www.fsidigital.ca/usa/colorado/colorado-springs,2026-06-03
https://www.fsidigital.ca/grants/ca/san-diego/technology,2026-06-03
https://www.fsidigital.ca/grants/ab/edmonton/minority-owned,2026-06-03
https://www.fsidigital.ca/blog/clean-technology-2026,2026-06-02
https://www.fsidigital.ca/grants/sk/regina/construction,2026-05-31
https://www.fsidigital.ca/grants/ks/wichita/arts-entertainment,2026-05-31
https://www.fsidigital.ca/blog/federal-grants-women-minorities,2026-05-29
https://www.fsidigital.ca/veteran-business-consultation,2026-05-29
https://www.fsidigital.ca/grants/qc/sherbrooke/women-entrepreneurs,2026-05-29
https://www.fsidigital.ca/blog/manitoba-business-grants-2026,2026-05-29
https://www.fsidigital.ca/usa/north-dakota/grand-forks,2026-05-29
https://www.fsidigital.ca/grants/ok/tulsa/arts-entertainment,2026-05-29
https://www.fsidigital.ca/blog/canada-advanced-manufacturing-innovation-grants,2026-05-29
https://www.fsidigital.ca/grants/qc/quebec-city/minority-owned,2026-05-29
https://www.fsidigital.ca/grants/on/ottawa/retail,2026-05-29
https://www.fsidigital.ca/grants/dc/washington/minority-owned,2026-05-29
https://www.fsidigital.ca/usa/rhode-island/newport,2026-05-29
https://www.fsidigital.ca/grants/tx/houston/agriculture,2026-05-29
https://www.fsidigital.ca/grants/tx/lubbock/agriculture,2026-05-29
https://www.fsidigital.ca/usa/alaska/fairbanks,2026-05-28
https://www.fsidigital.ca/grants/bc/vancouver/retail,2026-05-28
https://www.fsidigital.ca/grants/tx/lubbock/arts-entertainment,2026-05-28
https://www.fsidigital.ca/grants/tx/arlington/agriculture,2026-05-28
https://www.fsidigital.ca/grants/bc/burnaby/arts-entertainment,2026-05-28
https://www.fsidigital.ca/grants/tn/nashville/healthcare,2026-05-28
https://www.fsidigital.ca/grants/dc/washington/veterans,2026-05-28
https://www.fsidigital.ca/blog/doe-sbir-clean-energy-grants,2026-05-28
https://www.fsidigital.ca/grants/tx/dallas/construction,2026-05-28
https://www.fsidigital.ca/grants/wa/seattle/manufacturing,2026-05-28
https://www.fsidigital.ca/grants/in/indianapolis/veterans,2026-05-28
https://www.fsidigital.ca/grants/ca/san-francisco/agriculture,2026-05-28
https://www.fsidigital.ca/grants/wa/seattle/retail,2026-05-28
https://www.fsidigital.ca/grants/qc/gatineau/arts-entertainment,2026-05-28
https://www.fsidigital.ca/grants/ca/san-diego/manufacturing,2026-05-28
https://www.fsidigital.ca/usa/kansas/wichita,2026-05-28
https://www.fsidigital.ca/grants/nc/charlotte/construction,2026-05-28
https://www.fsidigital.ca/grants/ma/boston/manufacturing,2026-05-28
https://www.fsidigital.ca/blog/black-entrepreneurship-loan-fund-2026,2026-05-28
https://www.fsidigital.ca/grants/dc/washington/logistics,2026-05-28
https://www.fsidigital.ca/grants/tn/nashville/technology,2026-05-28
https://www.fsidigital.ca/grants/ca/san-jose/agriculture,2026-05-28
https://www.fsidigital.ca/grants/dc/washington/construction,2026-05-28
https://www.fsidigital.ca/grants/tn/nashville/women-entrepreneurs,2026-05-28
https://www.fsidigital.ca/grants/ca/san-jose/veterans,2026-05-28
https://www.fsidigital.ca/grants/pa/philadelphia/healthcare,2026-05-28
https://www.fsidigital.ca/grants/az/phoenix/minority-owned,2026-05-27
https://www.fsidigital.ca/grants/mi/detroit/technology,2026-05-27
https://www.fsidigital.ca/grants/ca/bakersfield/arts-entertainment,2026-05-27
https://www.fsidigital.ca/grants/dc/washington/agriculture,2026-05-27
https://www.fsidigital.ca/grants/pa/philadelphia/education,2026-05-27
https://www.fsidigital.ca/grants/az/phoenix/restaurants-hospitality,2026-05-27
https://www.fsidigital.ca/blog/industry-specific-business-grants-guide,2026-05-27
https://www.fsidigital.ca/grants/tn/nashville/logistics,2026-05-27
https://www.fsidigital.ca/grants/in/indianapolis/non-profits,2026-05-27
https://www.fsidigital.ca/grants/tx/san-antonio/veterans,2026-05-27
https://www.fsidigital.ca/grants/dc/washington/arts-entertainment,2026-05-27
https://www.fsidigital.ca/grants/mb/winnipeg/clean-energy,2026-05-27
https://www.fsidigital.ca/grants/ca/san-diego/non-profits,2026-05-26
https://www.fsidigital.ca/grants/ca/san-diego/construction,2026-05-26
https://www.fsidigital.ca/grants/ca/san-francisco/logistics,2026-05-26
https://www.fsidigital.ca/grants/on/ottawa/agriculture,2026-05-26
https://www.fsidigital.ca/grants/wa/seattle/non-profits,2026-05-26
https://www.fsidigital.ca/blog/sba-sbir-grants-2026,2026-05-26
https://www.fsidigital.ca/grants/az/phoenix/non-profits,2026-05-26
https://www.fsidigital.ca/grants/ok/oklahoma-city/clean-energy,2026-05-25
https://www.fsidigital.ca/blog/ideation-research-funding-canada,2026-05-25
https://www.fsidigital.ca/grants/tx/plano/technology,2026-05-25
https://www.fsidigital.ca/grants/nc/charlotte/logistics,2026-05-25
https://www.fsidigital.ca/grants/dc/washington/clean-energy,2026-05-25
https://www.fsidigital.ca/grants/co/denver/retail,2026-05-25
https://www.fsidigital.ca/grants/dc/washington/women-entrepreneurs,2026-05-25
https://www.fsidigital.ca/grants/co/denver/arts-entertainment,2026-05-25
https://www.fsidigital.ca/grants/ok/oklahoma-city/agriculture,2026-05-25
https://www.fsidigital.ca/grants/ny/new-york-city/arts-entertainment,2026-05-24
https://www.fsidigital.ca/grants/on/toronto/arts-entertainment,2026-05-24
https://www.fsidigital.ca/grants/in/indianapolis/retail,2026-05-24
https://www.fsidigital.ca/grants/co/denver/non-profits,2026-05-24
https://www.fsidigital.ca/grants/ab/medicine-hat/veterans,2026-05-24
https://www.fsidigital.ca/usa/nebraska/lincoln,2026-05-23
https://www.fsidigital.ca/grants/bc/richmond/clean-energy,2026-05-23
https://www.fsidigital.ca/usa/montana/bozeman,2026-05-23
https://www.fsidigital.ca/grants/bc/kamloops/clean-energy,2026-05-23
https://www.fsidigital.ca/grants/bc/richmond/agriculture,2026-05-23
https://www.fsidigital.ca/grants/tx/dallas/retail,2026-05-23
https://www.fsidigital.ca/grants/ca/san-jose/clean-energy,2026-05-23
https://www.fsidigital.ca/grants/ny/syracuse/non-profits,2026-05-23
https://www.fsidigital.ca/grants/ab/calgary/healthcare,2026-05-23
https://www.fsidigital.ca/grants/pa/philadelphia/minority-owned,2026-05-23
https://www.fsidigital.ca/grants/nc/charlotte/education,2026-05-23
https://www.fsidigital.ca/grants/ok/oklahoma-city/retail,2026-05-23
https://www.fsidigital.ca/grants/ca/san-jose/manufacturing,2026-05-23
https://www.fsidigital.ca/grants/mi/detroit/non-profits,2026-05-23
https://www.fsidigital.ca/grants/ny/syracuse/clean-energy,2026-05-23
https://www.fsidigital.ca/grants/in/indianapolis/healthcare,2026-05-23
https://www.fsidigital.ca/grants/ca/san-jose/women-entrepreneurs,2026-05-23
https://www.fsidigital.ca/usa/maine/portland,2026-05-23
https://www.fsidigital.ca/grants/tx/plano/clean-energy,2026-05-22
https://www.fsidigital.ca/grants/fl/st-petersburg/retail,2026-05-22
https://www.fsidigital.ca/grants/in/indianapolis/construction,2026-05-22
https://www.fsidigital.ca/grants/az/phoenix/women-entrepreneurs,2026-05-22
https://www.fsidigital.ca/grants/pa/philadelphia/arts-entertainment,2026-05-22
https://www.fsidigital.ca/grants/ma/boston/technology,2026-05-22
https://www.fsidigital.ca/grants/nc/charlotte/non-profits,2026-05-22
https://www.fsidigital.ca/grants/ma/boston/retail,2026-05-22
https://www.fsidigital.ca/grants/in/indianapolis/manufacturing,2026-05-22
https://www.fsidigital.ca/grants/on/windsor/retail,2026-05-22
https://www.fsidigital.ca/grants/tx/el-paso/minority-owned,2026-05-22
https://www.fsidigital.ca/grants/tn/nashville/construction,2026-05-22
https://www.fsidigital.ca/grants/in/indianapolis/women-entrepreneurs,2026-05-21
https://www.fsidigital.ca/grants/ca/fresno/non-profits,2026-05-21
https://www.fsidigital.ca/grants/ca/san-francisco/retail,2026-05-21
https://www.fsidigital.ca/grants/fl/jacksonville/agriculture,2026-05-21
https://www.fsidigital.ca/grants/in/indianapolis/clean-energy,2026-05-21
https://www.fsidigital.ca/grants/on/toronto/technology,2026-05-21
https://www.fsidigital.ca/grants/tn/nashville/veterans,2026-05-21
https://www.fsidigital.ca/grants/ny/yonkers/healthcare,2026-05-21
https://www.fsidigital.ca/usa/west-virginia/charleston,2026-05-21
https://www.fsidigital.ca/grants/ny/syracuse/healthcare,2026-05-21
https://www.fsidigital.ca/grants/ny/syracuse/arts-entertainment,2026-05-21
https://www.fsidigital.ca/grants/fl/orlando/logistics,2026-05-21
https://www.fsidigital.ca/grants/mi/detroit/agriculture,2026-05-21
https://www.fsidigital.ca/grants/co/denver/technology,2026-05-21
https://www.fsidigital.ca/grants/pa/philadelphia/retail,2026-05-21
https://www.fsidigital.ca/grants/tn/nashville/non-profits,2026-05-21
https://www.fsidigital.ca/grants/dc/washington/non-profits,2026-05-21
https://www.fsidigital.ca/grants/dc/washington/education,2026-05-20
https://www.fsidigital.ca/grants/ny/yonkers/manufacturing,2026-05-20
https://www.fsidigital.ca/grants/nc/charlotte/clean-energy,2026-05-20
https://www.fsidigital.ca/grants/ab/st-albert/healthcare,2026-05-20
https://www.fsidigital.ca/grants/bc/victoria/minority-owned,2026-05-20
https://www.fsidigital.ca/grants/bc/kamloops/restaurants-hospitality,2026-05-20
https://www.fsidigital.ca/grants/on/ottawa/healthcare,2026-05-20
https://www.fsidigital.ca/grants/on/hamilton/agriculture,2026-05-20
https://www.fsidigital.ca/grants/ca/san-diego/clean-energy,2026-05-20
https://www.fsidigital.ca/grants/ca/san-diego/healthcare,2026-05-20
https://www.fsidigital.ca/usa/oregon/bend,2026-05-20
https://www.fsidigital.ca/grants/ca/san-diego/arts-entertainment,2026-05-20
https://www.fsidigital.ca/grants/ca/los-angeles/construction,2026-05-20
https://www.fsidigital.ca/usa/maryland,2026-05-20
https://www.fsidigital.ca/grants/ca/los-angeles/clean-energy,2026-05-20
https://www.fsidigital.ca/grants/ca/los-angeles/healthcare,2026-05-20
https://www.fsidigital.ca/usa/kentucky/louisville,2026-05-20
https://www.fsidigital.ca/grants/ca/los-angeles/minority-owned,2026-05-20
https://www.fsidigital.ca/grants/bc/nanaimo/education,2026-05-20
https://www.fsidigital.ca/grants/ca/san-jose/construction,2026-05-20
https://www.fsidigital.ca/usa/north-carolina/raleigh-durham,2026-05-20
https://www.fsidigital.ca/grants/ab/st-albert/technology,2026-05-19
https://www.fsidigital.ca/grants/qc/levis/technology,2026-05-19
https://www.fsidigital.ca/services,2026-05-19
https://www.fsidigital.ca/grants/on/kingston/arts-entertainment,2026-05-19
https://www.fsidigital.ca/grants/sk/regina/manufacturing,2026-05-19
https://www.fsidigital.ca/blog/quebec-business-grants-2026,2026-05-19
https://www.fsidigital.ca/grants/qc/longueuil/manufacturing,2026-05-19
https://www.fsidigital.ca/grants/qc/gatineau/construction,2026-05-19
https://www.fsidigital.ca/usa/california/los-angeles,2026-05-19
https://www.fsidigital.ca/grants/bc/vancouver/logistics,2026-05-19
https://www.fsidigital.ca/grants/nl/st-johns/healthcare,2026-05-19
https://www.fsidigital.ca/grants/bc/coquitlam/retail,2026-05-19
https://www.fsidigital.ca/grants/on/greater-sudbury/arts-entertainment,2026-05-19
https://www.fsidigital.ca/grants/ab/medicine-hat/non-profits,2026-05-19
https://www.fsidigital.ca/blog/usa-federal-grants,2026-05-19
https://www.fsidigital.ca/grants/ns/halifax/healthcare,2026-05-19
https://www.fsidigital.ca/grants/qc/montreal/manufacturing,2026-05-19
https://www.fsidigital.ca/grants/ab/red-deer/clean-energy,2026-05-19
https://www.fsidigital.ca/grants/qc/trois-rivieres/logistics,2026-05-19
https://www.fsidigital.ca/grants/qc/sherbrooke/healthcare,2026-05-18
https://www.fsidigital.ca/blog/agriculture-grants-2026,2026-05-18
https://www.fsidigital.ca/grants/ab/medicine-hat/restaurants-hospitality,2026-05-18
https://www.fsidigital.ca/grants/ca/san-diego/logistics,2026-05-18
https://www.fsidigital.ca/grants/ab/lethbridge/technology,2026-05-18
https://www.fsidigital.ca/grants/qc/laval/clean-energy,2026-05-18
https://www.fsidigital.ca/grants/bc/richmond/technology,2026-05-18
https://www.fsidigital.ca/grants/bc/nanaimo/manufacturing,2026-05-18
https://www.fsidigital.ca/grants/ca/san-francisco/veterans,2026-05-18
https://www.fsidigital.ca/grants/qc/gatineau/technology,2026-05-18
https://www.fsidigital.ca/grants/on/vaughan/non-profits,2026-05-18
https://www.fsidigital.ca/grants/ab/lethbridge/agriculture,2026-05-18
https://www.fsidigital.ca/grants/bc/coquitlam/arts-entertainment,2026-05-18
https://www.fsidigital.ca/blog/october-2026-last-chance,2026-05-18
https://www.fsidigital.ca/grants/ab/lethbridge/minority-owned,2026-05-18
https://www.fsidigital.ca/grants/sk/saskatoon/manufacturing,2026-05-18
https://www.fsidigital.ca/grants/ab/lethbridge/education,2026-05-18
https://www.fsidigital.ca/grants/qc/montreal/agriculture,2026-05-18
https://www.fsidigital.ca/grants/ab/red-deer/minority-owned,2026-05-18
https://www.fsidigital.ca/grants/ns/halifax/clean-energy,2026-05-18
https://www.fsidigital.ca/blog/florida-business-grants-2026,2026-05-18
https://www.fsidigital.ca/grants/mb/winnipeg/veterans,2026-05-18
https://www.fsidigital.ca/grants/ab/medicine-hat/women-entrepreneurs,2026-05-18
https://www.fsidigital.ca/grants/qc/trois-rivieres/education,2026-05-18
https://www.fsidigital.ca/grants/ab/red-deer/healthcare,2026-05-18
https://www.fsidigital.ca/grants/on/vaughan/agriculture,2026-05-18
https://www.fsidigital.ca/usa/maryland/baltimore,2026-05-18
https://www.fsidigital.ca/grants/ns/halifax/restaurants-hospitality,2026-05-18
https://www.fsidigital.ca/grants/nl/st-johns/clean-energy,2026-05-18
https://www.fsidigital.ca/grants/on/ottawa/technology,2026-05-18
https://www.fsidigital.ca/grants/sk/regina/women-entrepreneurs,2026-05-18
https://www.fsidigital.ca/usa/wisconsin/green-bay-appleton,2026-05-18
https://www.fsidigital.ca/usa/illinois/champaign-urbana,2026-05-18
https://www.fsidigital.ca/grants/ab/lethbridge/clean-energy,2026-05-18
https://www.fsidigital.ca/grants/qc/montreal/minority-owned,2026-05-18
https://www.fsidigital.ca/grants/ab/st-albert/manufacturing,2026-05-18
https://www.fsidigital.ca/grants/nl/st-johns/technology,2026-05-18
https://www.fsidigital.ca/grants/ns/halifax/logistics,2026-05-18
https://www.fsidigital.ca/grants/on/greater-sudbury/minority-owned,2026-05-18
https://www.fsidigital.ca/grants/sk/saskatoon/construction,2026-05-18
https://www.fsidigital.ca/grants/sk/saskatoon/logistics,2026-05-18
https://www.fsidigital.ca/grants/ab/st-albert/logistics,2026-05-18
https://www.fsidigital.ca/grants/qc/longueuil/minority-owned,2026-05-18
https://www.fsidigital.ca/grants/on/cambridge/agriculture,2026-05-17
https://www.fsidigital.ca/grants/qc/levis/healthcare,2026-05-17
https://www.fsidigital.ca/grants/qc/levis/clean-energy,2026-05-17
https://www.fsidigital.ca/grants/sk/saskatoon/minority-owned,2026-05-17
https://www.fsidigital.ca/usa/kentucky/lexington,2026-05-17
https://www.fsidigital.ca/grants/sk/saskatoon/education,2026-05-17
https://www.fsidigital.ca/grants/ab/red-deer/arts-entertainment,2026-05-17
https://www.fsidigital.ca/grants/qc/levis/logistics,2026-05-17
https://www.fsidigital.ca/grants/qc/sherbrooke/minority-owned,2026-05-17
https://www.fsidigital.ca/grants/qc/levis/arts-entertainment,2026-05-17
https://www.fsidigital.ca/canada/british-columbia,2026-05-17
https://www.fsidigital.ca/grants/qc/levis/non-profits,2026-05-17
https://www.fsidigital.ca/grants/ab/medicine-hat/minority-owned,2026-05-17
https://www.fsidigital.ca/grants/ab/medicine-hat/healthcare,2026-05-17
https://www.fsidigital.ca/grants/qc/sherbrooke/retail,2026-05-17
https://www.fsidigital.ca/grants/qc/sherbrooke/logistics,2026-05-17
https://www.fsidigital.ca/grants/qc/levis/restaurants-hospitality,2026-05-17
https://www.fsidigital.ca/grants/qc/longueuil/women-entrepreneurs,2026-05-17
https://www.fsidigital.ca/grants/qc/longueuil/agriculture,2026-05-17
https://www.fsidigital.ca/grants/on/guelph/minority-owned,2026-05-17
https://www.fsidigital.ca/grants/ab/st-albert/retail,2026-05-17
https://www.fsidigital.ca/grants/on/guelph/agriculture,2026-05-17
https://www.fsidigital.ca/grants/on/guelph/education,2026-05-17
https://www.fsidigital.ca/grants/ns/halifax/women-entrepreneurs,2026-05-15
https://www.fsidigital.ca/blog/canada-hiring-training-grants-guide,2026-05-15
https://www.fsidigital.ca/guides/women-entrepreneurship-fund-guide,2026-05-15
https://www.fsidigital.ca/grants/bc/richmond/veterans,2026-05-15
https://www.fsidigital.ca/grants/sk/saskatoon/women-entrepreneurs,2026-05-15
https://www.fsidigital.ca/guides/sba-growth-accelerator-fund-guide,2026-05-14
https://www.fsidigital.ca/grants/ca/san-francisco/non-profits,2026-05-14
https://www.fsidigital.ca/grants/sk/regina/retail,2026-05-14
https://www.fsidigital.ca/grants/ab/edmonton/education,2026-05-14
https://www.fsidigital.ca/blog/atlantic-small-business-grants-guide,2026-05-14
https://www.fsidigital.ca/grants/sk/regina/healthcare,2026-05-14
https://www.fsidigital.ca/usa/utah/salt-lake-city,2026-05-14
https://www.fsidigital.ca/usa/virginia/norfolk-virginia-beach,2026-05-14
https://www.fsidigital.ca/grants/sk/regina/veterans,2026-05-13
https://www.fsidigital.ca/grants/ab/edmonton/manufacturing,2026-05-13
https://www.fsidigital.ca/grants/ab/edmonton/women-entrepreneurs,2026-05-13
https://www.fsidigital.ca/grants/ca/san-jose/education,2026-05-13
https://www.fsidigital.ca/grants/ca/san-jose/non-profits,2026-05-13
https://www.fsidigital.ca/grants/ca/san-jose/logistics,2026-05-13
https://www.fsidigital.ca/grants/ab/edmonton/clean-energy,2026-05-12
https://www.fsidigital.ca/grants/sk/regina/restaurants-hospitality,2026-05-12
https://www.fsidigital.ca/grants/ab/edmonton/healthcare,2026-05-12
https://www.fsidigital.ca/grants/bc/vancouver/education,2026-05-12
https://www.fsidigital.ca/usa/connecticut/hartford,2026-05-12
https://www.fsidigital.ca/usa/washington/seattle,2026-05-12
https://www.fsidigital.ca/grants/on/ottawa/arts-entertainment,2026-05-11
https://www.fsidigital.ca/grants/on/toronto/non-profits,2026-05-11
https://www.fsidigital.ca/grants/bc/victoria/arts-entertainment,2026-05-11
https://www.fsidigital.ca/grants/ca/los-angeles/technology,2026-05-11
https://www.fsidigital.ca/grants/on/hamilton/technology,2026-05-11
https://www.fsidigital.ca/grants/ca/san-jose/arts-entertainment,2026-05-11
https://www.fsidigital.ca/grants/ca/los-angeles/education,2026-05-11
https://www.fsidigital.ca/grants/ns/halifax/education,2026-05-11
https://www.fsidigital.ca/grants/ns/halifax/arts-entertainment,2026-05-11
https://www.fsidigital.ca/grants/on/brampton/restaurants-hospitality,2026-05-10
https://www.fsidigital.ca/grants/qc/quebec-city/non-profits,2026-05-10
https://www.fsidigital.ca/grants/on/brampton/minority-owned,2026-05-10
https://www.fsidigital.ca/grants/ns/halifax/non-profits,2026-05-10
https://www.fsidigital.ca/grants/bc/richmond/minority-owned,2026-05-10
https://www.fsidigital.ca/grants/ab/calgary/retail,2026-05-09
https://www.fsidigital.ca/usa/delaware,2026-05-09
https://www.fsidigital.ca/grants/sk/regina/non-profits,2026-05-09
https://www.fsidigital.ca/blog/canada-growth-expansion-grants-guide,2026-05-09
https://www.fsidigital.ca/grants/sk/regina/clean-energy,2026-05-09
https://www.fsidigital.ca/healthcare-grants-consultation,2026-05-09
https://www.fsidigital.ca/blog/bc-business-grants-2026,2026-05-09
https://www.fsidigital.ca/guides/apply-minority-grants,2026-05-09
https://www.fsidigital.ca/blog/5-best-government-loans-agriculture-tech-startups,2026-05-09
https://www.fsidigital.ca/blog/new-york-business-grants-2026-archive,2026-05-09
https://www.fsidigital.ca/grants/bc/victoria/healthcare,2026-05-09
https://www.fsidigital.ca/grants/qc/quebec-city/arts-entertainment,2026-05-09
https://www.fsidigital.ca/grants/sk/saskatoon/restaurants-hospitality,2026-05-09
https://www.fsidigital.ca/grants/bc/surrey/agriculture,2026-05-09
https://www.fsidigital.ca/grants/qc/laval/retail,2026-05-09
https://www.fsidigital.ca/grants/on/mississauga/non-profits,2026-05-09
https://www.fsidigital.ca/grants/bc/richmond/construction,2026-05-09
https://www.fsidigital.ca/grants/qc/laval/veterans,2026-05-09
https://www.fsidigital.ca/grants/on/hamilton/women-entrepreneurs,2026-05-09
https://www.fsidigital.ca/grants/ab/calgary/veterans,2026-05-09
https://www.fsidigital.ca/usa/mississippi/starkville-columbus,2026-05-08
https://www.fsidigital.ca/grants/qc/laval/restaurants-hospitality,2026-05-08
https://www.fsidigital.ca/grants/qc/quebec-city/women-entrepreneurs,2026-05-08
https://www.fsidigital.ca/grants/bc/richmond/logistics,2026-05-08
https://www.fsidigital.ca/grants/qc/laval/healthcare,2026-05-08
https://www.fsidigital.ca/grants/qc/quebec-city/education,2026-05-08
https://www.fsidigital.ca/usa/idaho/boise,2026-05-08
https://www.fsidigital.ca/newsletter,2026-05-08
https://www.fsidigital.ca/blog/small-business-grants-complete-guide,2026-05-07
https://www.fsidigital.ca/grants/ab/edmonton/arts-entertainment,2026-05-06
https://www.fsidigital.ca/grants/ab/edmonton/technology,2026-05-06
https://www.fsidigital.ca/grants/bc/richmond/non-profits,2026-05-06
https://www.fsidigital.ca/grants/qc/laval/technology,2026-05-06
https://www.fsidigital.ca/grants/qc/quebec-city/logistics,2026-05-06
https://www.fsidigital.ca/grants/qc/laval/manufacturing,2026-05-06
https://www.fsidigital.ca/grants/qc/laval/construction,2026-05-06
https://www.fsidigital.ca/grants/qc/laval/women-entrepreneurs,2026-05-06
https://www.fsidigital.ca/grants/on/brampton/non-profits,2026-05-06
https://www.fsidigital.ca/grants/qc/quebec-city/construction,2026-05-06
https://www.fsidigital.ca/grants/qc/laval/education,2026-05-06
https://www.fsidigital.ca/blog/prairie-provinces-innovation-grants,2026-05-06
https://www.fsidigital.ca/grants/bc/surrey/healthcare,2026-05-06
https://www.fsidigital.ca/grants/on/mississauga/retail,2026-05-06
https://www.fsidigital.ca/grants/on/brampton/logistics,2026-05-06
https://www.fsidigital.ca/grants/bc/burnaby/logistics,2026-05-06
https://www.fsidigital.ca/grants/bc/burnaby/healthcare,2026-05-06
https://www.fsidigital.ca/blog/pennsylvania-innovation-2026,2026-05-06
https://www.fsidigital.ca/usa/alabama/birmingham,2026-05-06
https://www.fsidigital.ca/grants/on/brampton/retail,2026-05-06
https://www.fsidigital.ca/grants/on/hamilton/minority-owned,2026-05-06
https://www.fsidigital.ca/grants/on/hamilton/clean-energy,2026-05-06
https://www.fsidigital.ca/grants/on/mississauga/minority-owned,2026-05-06
https://www.fsidigital.ca/blog/northern-canada-business-grants-2026,2026-05-06
https://www.fsidigital.ca/blog/wosb-federal-contracting-guide,2026-05-06
https://www.fsidigital.ca/grants/qc/quebec-city/manufacturing,2026-05-06
https://www.fsidigital.ca/grants/qc/quebec-city/healthcare,2026-05-06
https://www.fsidigital.ca/grants/bc/richmond/women-entrepreneurs,2026-05-04
https://www.fsidigital.ca/usa/california/san-francisco,2026-05-03
https://www.fsidigital.ca/blog/private-women-grants-guide,2026-05-03
https://www.fsidigital.ca/grants/bc/vancouver/construction,2026-05-03
https://www.fsidigital.ca/grants/qc/laval/agriculture,2026-05-03
https://www.fsidigital.ca/blog/sred-tax-credits-vs-cdap-canadian-founders,2026-05-02
https://www.fsidigital.ca/grants/on/toronto/logistics,2026-05-02
https://www.fsidigital.ca/usa/tennessee/knoxville,2026-05-02
https://www.fsidigital.ca/usa/new-hampshire/nashua,2026-05-02
https://www.fsidigital.ca/usa/michigan/detroit,2026-05-02
https://www.fsidigital.ca/grants/bc/burnaby/technology,2026-05-02
https://www.fsidigital.ca/blog/wbdc-equity-match-grant-women,2026-05-02
https://www.fsidigital.ca/grants/ab/edmonton/restaurants-hospitality,2026-05-02
https://www.fsidigital.ca/blog/usda-reap-grant-vs-utility-rebates,2026-05-01
https://www.fsidigital.ca/canada/alberta,2026-05-01
https://www.fsidigital.ca/download/wbdc-equity-match-grant-guide,2026-04-29
https://www.fsidigital.ca/grants/bc/surrey/veterans,2026-04-29
https://www.fsidigital.ca/grants/tx/austin/logistics,2026-04-28
https://www.fsidigital.ca/grants/ab/calgary/non-profits,2026-04-28
https://www.fsidigital.ca/grants/on/brampton/veterans,2026-04-28
https://www.fsidigital.ca/grants/on/toronto/minority-owned,2026-04-28
https://www.fsidigital.ca/blog/small-business-financing-2026,2026-04-28
https://www.fsidigital.ca/blog/canada-agri-food-technology-innovation-grants,2026-04-28
https://www.fsidigital.ca/grants/bc/burnaby/women-entrepreneurs,2026-04-27
https://www.fsidigital.ca/usa/alabama,2026-04-27
https://www.fsidigital.ca/blog/demonstration-pilot-funding-canada,2026-04-27
https://www.fsidigital.ca/blog/canada-life-sciences-innovation-grants,2026-04-27
https://www.fsidigital.ca/blog/canada-export-development-grants-guide,2026-04-27
https://www.fsidigital.ca/grants/on/brampton/education,2026-04-27
https://www.fsidigital.ca/grants/on/hamilton/veterans,2026-04-27
https://www.fsidigital.ca/usa/oregon/portland,2026-04-27
https://www.fsidigital.ca/blog/michigan-manufacturing-renaissance-2026,2026-04-27
https://www.fsidigital.ca/blog/apply-usa-grants-2026,2026-04-27
https://www.fsidigital.ca/blog/illinois-business-development-2026,2026-04-27
https://www.fsidigital.ca/grants/on/mississauga/education,2026-04-27
https://www.fsidigital.ca/grants/bc/surrey/restaurants-hospitality,2026-04-27
https://www.fsidigital.ca/usa/wisconsin/milwaukee,2026-04-27
https://www.fsidigital.ca/blog/nwbc-programs-guide,2026-04-27
https://www.fsidigital.ca/blog/alberta-innovation-grants,2026-04-27
https://www.fsidigital.ca/grants/on/hamilton/manufacturing,2026-04-27
https://www.fsidigital.ca/grants/on/brampton/manufacturing,2026-04-27
https://www.fsidigital.ca/grants/on/brampton/technology,2026-04-27
https://www.fsidigital.ca/blog/agricultural-innovation-2026-archive,2026-04-27
https://www.fsidigital.ca/canada/saskatchewan,2026-04-27
https://www.fsidigital.ca/blog/innovation-superclusters-2026,2026-04-27
https://www.fsidigital.ca/grants/bc/surrey/construction,2026-04-27
https://www.fsidigital.ca/blog/canada-clean-technology-innovation-grants,2026-04-27
https://www.fsidigital.ca/blog/territories-small-business-grants-guide,2026-04-26
https://www.fsidigital.ca/grants/bc/vancouver/arts-entertainment,2026-04-26
https://www.fsidigital.ca/grants/bc/burnaby/construction,2026-04-26
https://www.fsidigital.ca/grants/bc/victoria/women-entrepreneurs,2026-04-26
https://www.fsidigital.ca/grants/on/brampton/clean-energy,2026-04-26
https://www.fsidigital.ca/blog/california-business-grants-2026,2026-04-26
https://www.fsidigital.ca/grants/bc/victoria/logistics,2026-04-26
https://www.fsidigital.ca/grants/bc/richmond/arts-entertainment,2026-04-26
https://www.fsidigital.ca/grants/bc/victoria/restaurants-hospitality,2026-04-26
https://www.fsidigital.ca/grants/bc/burnaby/agriculture,2026-04-26
https://www.fsidigital.ca/grants/bc/victoria/education,2026-04-26
https://www.fsidigital.ca/grants/bc/surrey/non-profits,2026-04-26
https://www.fsidigital.ca/grants/ab/calgary/technology,2026-04-26
https://www.fsidigital.ca/blog/women-entrepreneurship-fund-canada,2026-04-25
https://www.fsidigital.ca/blog/state-women-business-programs-guide,2026-04-24
https://www.fsidigital.ca/usa/colorado,2026-04-24
https://www.fsidigital.ca/grants/bc/vancouver/manufacturing,2026-04-24
https://www.fsidigital.ca/grants/on/mississauga/healthcare,2026-04-24
https://www.fsidigital.ca/grants/bc/burnaby/veterans,2026-04-24
https://www.fsidigital.ca/grants/bc/richmond/restaurants-hospitality,2026-04-24
https://www.fsidigital.ca/grants/bc/burnaby/minority-owned,2026-04-24
https://www.fsidigital.ca/grants/bc/surrey/arts-entertainment,2026-04-24
https://www.fsidigital.ca/grants/bc/surrey/minority-owned,2026-04-24
https://www.fsidigital.ca/grants/bc/surrey/logistics,2026-04-24
https://www.fsidigital.ca/grants/bc/burnaby/retail,2026-04-24
https://www.fsidigital.ca/blog/indigenous-rural-business-funding-canada,2026-04-24
https://www.fsidigital.ca/grants/bc/surrey/retail,2026-04-24
https://www.fsidigital.ca/guides/apply-csbfp-government-financing,2026-04-24
https://www.fsidigital.ca/blog/2026-grant-forecast,2026-04-24
https://www.fsidigital.ca/usa/south-carolina/greenville,2026-04-24
https://www.fsidigital.ca/grants/on/mississauga/manufacturing,2026-04-23
https://www.fsidigital.ca/grants/on/ottawa/logistics,2026-04-23
https://www.fsidigital.ca/grants/bc/victoria/agriculture,2026-04-23
https://www.fsidigital.ca/guides/canada-agri-food-funding-guide,2026-04-23
https://www.fsidigital.ca/grants/on/brampton/agriculture,2026-04-22
https://www.fsidigital.ca/guides/apply-strategic-innovation-fund,2026-04-22
https://www.fsidigital.ca/grants/on/mississauga/women-entrepreneurs,2026-04-22
https://www.fsidigital.ca/grants/on/mississauga/agriculture,2026-04-22
https://www.fsidigital.ca/contact?service=private-grants-consultation,2026-04-22
https://www.fsidigital.ca/grants/on/ottawa/manufacturing,2026-04-22
https://www.fsidigital.ca/grants/bc/vancouver/agriculture,2026-04-22
https://www.fsidigital.ca/usa/arizona/phoenix,2026-04-22
https://www.fsidigital.ca/usa/north-dakota,2026-04-22
https://www.fsidigital.ca/blog/epa-environmental-justice-2026-archive,2026-04-21
https://www.fsidigital.ca/blog/doe-clean-tech-2026-archive,2026-04-21
https://www.fsidigital.ca/canada/manitoba,2026-04-21
https://www.fsidigital.ca/canada/quebec,2026-04-21
https://www.fsidigital.ca/grants/on/hamilton/construction,2026-04-20
https://www.fsidigital.ca/blog/doe-clean-tech-2026,2026-04-20
https://www.fsidigital.ca/usa/pennsylvania,2026-04-20
https://www.fsidigital.ca/usa/alaska,2026-04-19
https://www.fsidigital.ca/grants/on/mississauga/construction,2026-04-18
https://www.fsidigital.ca/blog/clean-technology-2026-archive,2026-04-18
https://www.fsidigital.ca/grants/on/toronto/women-entrepreneurs,2026-04-18
https://www.fsidigital.ca/blog/atlantic-business-grants-2026,2026-04-18
https://www.fsidigital.ca/guides/women-entrepreneurship-loan-fund-guide,2026-04-17
https://www.fsidigital.ca/contact?service=federal-programs-consultation,2026-04-17
https://www.fsidigital.ca/contact?service=sred-assessment,2026-04-17
https://www.fsidigital.ca/usa/north-carolina/charlotte,2026-04-15
https://www.fsidigital.ca/usa/north-dakota/bismarck,2026-04-14
https://www.fsidigital.ca/contact?service=alberta-innovation-grants-expert-help,2026-04-13
https://www.fsidigital.ca/contact?service=ideation-research-funding-canada-expert-help,2026-04-13
https://www.fsidigital.ca/blog/rbc-women-entrepreneur-awards,2026-04-13
https://www.fsidigital.ca/usa/wyoming,2026-04-13
https://www.fsidigital.ca/usa/delaware/dover,2026-04-13
https://www.fsidigital.ca/contact?service=irap-innovation-assessment,2026-04-13
https://www.fsidigital.ca/grants/on/brampton/healthcare,2026-04-13
https://www.fsidigital.ca/contact?service=colorado-grants-help,2026-04-13
https://www.fsidigital.ca/blog?page=4,2026-04-12
https://www.fsidigital.ca/blog?page=1,2026-04-11
https://www.fsidigital.ca/grants/on/toronto/clean-energy,2026-04-11
https://www.fsidigital.ca/contact?service=sred-expert-help,2026-04-11
https://www.fsidigital.ca/blog?page=2,2026-04-11
https://www.fsidigital.ca/usa/maryland/columbia,2026-04-10
https://www.fsidigital.ca/canada-regional-development-consultation,2026-04-10
https://www.fsidigital.ca/expert-insights?category=Demographic-Specific,2026-04-10
https://www.fsidigital.ca/sred-tax-credit-consultation,2026-04-10
https://www.fsidigital.ca/blog?page=8,2026-04-10
https://www.fsidigital.ca/usa/idaho/coeur-dalene,2026-04-09
https://www.fsidigital.ca/blog?page=9,2026-04-09
https://www.fsidigital.ca/blog?page=6,2026-04-09
https://www.fsidigital.ca/blog?page=7,2026-04-09
https://www.fsidigital.ca/blog?page=5,2026-04-09
https://www.fsidigital.ca/free-grant-consultation,2026-04-09
https://www.fsidigital.ca/usa/massachusetts/boston-cambridge,2026-04-09
https://www.fsidigital.ca/usa/maine/bangor,2026-04-09
https://www.fsidigital.ca/guides/apply-agriculture-agri-food-canada,2026-04-09
https://www.fsidigital.ca/usa/vermont/burlington,2026-04-09
https://www.fsidigital.ca/grants/on/toronto/agriculture,2026-04-09
https://www.fsidigital.ca/guides/apply-federal-grants,2026-04-09
https://www.fsidigital.ca/rural-business-development-consultation,2026-04-09
https://www.fsidigital.ca/usa/pennsylvania/pittsburgh,2026-04-09
https://www.fsidigital.ca/usa/colorado/boulder,2026-04-09
https://www.fsidigital.ca/canada-supercluster-consultation,2026-04-09
https://www.fsidigital.ca/usa/new-york/new-york-city,2026-04-08
https://www.fsidigital.ca/usa/new-hampshire/manchester,2026-04-08
https://www.fsidigital.ca/usa/nevada/reno,2026-04-08
https://www.fsidigital.ca/usa/connecticut/new-haven,2026-04-08
https://www.fsidigital.ca/usa/louisiana/new-orleans,2026-04-08
https://www.fsidigital.ca/blog/quebec-innovation-grants,2026-04-08
https://www.fsidigital.ca/usa/oklahoma/oklahoma-city,2026-04-07
https://www.fsidigital.ca/blog/hud-community-2026,2026-04-07
https://www.fsidigital.ca/usa/indiana/bloomington,2026-04-07
https://www.fsidigital.ca/usa/nevada/henderson,2026-04-06
https://www.fsidigital.ca/canada/healthcare-startup-grants,2026-04-06
https://www.fsidigital.ca/usa/nebraska/omaha,2026-04-06
https://www.fsidigital.ca/usa/new-jersey/newark,2026-04-06
https://www.fsidigital.ca/usa/missouri/columbia,2026-04-06
https://www.fsidigital.ca/usa/tennessee/memphis,2026-04-06
https://www.fsidigital.ca/usa/ohio/cleveland,2026-04-06
https://www.fsidigital.ca/usa/connecticut/groton-new-london,2026-04-06
https://fsidigital.ca/blog/colorado-tech-programs,2026-04-06
https://www.fsidigital.ca/usa/wyoming/cheyenne,2026-04-06
https://www.fsidigital.ca/usa/utah/lehi,2026-04-06
https://www.fsidigital.ca/usa/georgia,2026-04-06
https://www.fsidigital.ca/blog/pennsylvania-innovation-2025,2026-04-05
https://www.fsidigital.ca/usa/indiana/indianapolis,2026-04-05
https://www.fsidigital.ca/usa/hawaii/kahului,2026-04-05
https://www.fsidigital.ca/usa/wisconsin/madison,2026-04-05
https://www.fsidigital.ca/usa/hawaii/honolulu,2026-04-05
https://www.fsidigital.ca/blog/green-business-funding,2026-04-05
https://www.fsidigital.ca/usa/georgia/savannah,2026-04-05
https://www.fsidigital.ca/usa/washington/spokane,2026-04-05
https://www.fsidigital.ca/expert-insights?category=Tips & Guides,2026-04-05
https://www.fsidigital.ca/expert-insights?category=Funding Alerts,2026-04-05
https://www.fsidigital.ca/expert-insights?category=State-Specific,2026-04-05
https://www.fsidigital.ca/usa/new-mexico/las-cruces,2026-04-04
https://www.fsidigital.ca/usa/massachusetts/lowell,2026-04-03
https://www.fsidigital.ca/blog/technology-startup-grants-2026,2026-04-02
https://www.fsidigital.ca/contact?service=provincial-government-grants-expert-help,2026-04-02
https://www.fsidigital.ca/usa/wyoming/jackson,2026-04-01
https://www.fsidigital.ca/grants/ab/medicine-hat/retail,2026-04-01
https://www.fsidigital.ca/usa/maryland/rockville-bethesda,2026-04-01
https://www.fsidigital.ca/usa/new-hampshire/portsmouth,2026-04-01
https://www.fsidigital.ca/usa/south-carolina/charleston,2026-04-01
https://www.fsidigital.ca/contact?program=scotiabank-women,2026-04-01
https://www.fsidigital.ca/guides/sbir-research-grants-guide,2026-04-01
https://www.fsidigital.ca/blog/state-province-grants,2026-04-01
https://www.fsidigital.ca/contact?service=wosb-certification-consultation,2026-04-01
https://www.fsidigital.ca/contact?service=bmo-celebrating-women-grant-help,2026-04-01
https://www.fsidigital.ca/usa/kansas/manhattan-junction-city,2026-04-01
https://www.fsidigital.ca/usa/louisiana/baton-rouge,2026-04-01
https://www.fsidigital.ca/usa/montana/billings,2026-03-31
https://www.fsidigital.ca/usa/indiana,2026-03-31
https://www.fsidigital.ca/usa/florida/orlando,2026-03-31
https://www.fsidigital.ca/guides/federal-grants-application-tips,2026-03-31
https://www.fsidigital.ca/usa/north-dakota/fargo,2026-03-31
https://www.fsidigital.ca/usa/illinois,2026-03-31
https://www.fsidigital.ca/usa/virginia,2026-03-30
https://www.fsidigital.ca/guides/canada-cleantech-funding-guide,2026-03-30
https://www.fsidigital.ca/usa/west-virginia,2026-03-30
https://www.fsidigital.ca/blog/technology-startup-grants-2026-archive,2026-03-30
https://www.fsidigital.ca/usa/kansas,2026-03-30
https://www.fsidigital.ca/blog?category=Canada News&page=1,2026-03-30
https://www.fsidigital.ca/blog?category=State-Specific,2026-03-29
https://www.fsidigital.ca/blog?category=Canada News,2026-03-29
https://www.fsidigital.ca/usa/missouri/kansas-city,2026-03-29
https://www.fsidigital.ca/usa/mississippi/biloxi-gulfport,2026-03-29
https://www.fsidigital.ca/usa/pennsylvania/allentown-lehigh-valley,2026-03-29
https://www.fsidigital.ca/blog/development-proof-concept-funding-canada,2026-03-29
https://www.fsidigital.ca/usa/missouri/st.-louis,2026-03-29
https://www.fsidigital.ca/grants/bc/surrey/technology,2026-03-29
https://www.fsidigital.ca/usa/virginia/richmond,2026-03-29
https://www.fsidigital.ca/blog?page=17,2026-03-29
https://www.fsidigital.ca/usa/south-carolina/columbia,2026-03-29
https://www.fsidigital.ca/usa/texas/dallas,2026-03-29
https://www.fsidigital.ca/usa/oklahoma/pryor-creek,2026-03-29
https://www.fsidigital.ca/blog/epa-environmental-justice-2026,2026-03-29
https://www.fsidigital.ca/blog?page=15,2026-03-29
https://www.fsidigital.ca/contact?service=ontario-business-expert-help,2026-03-29
https://www.fsidigital.ca/blog?page=10,2026-03-29
https://www.fsidigital.ca/blog/women-business-centers-guide,2026-03-29
https://www.fsidigital.ca/canada/new-brunswick,2026-03-28
https://www.fsidigital.ca/blog/agricultural-innovation-2026,2026-03-28
https://www.fsidigital.ca/contact?service=bdc-women-entrepreneur-financing-help,2026-03-28
https://www.fsidigital.ca/contact?service=welf-expert-help,2026-03-28
https://www.fsidigital.ca/guides/apply-irap-grants,2026-03-28
https://www.fsidigital.ca/contact?service=women-business-grants-expert-help,2026-03-28
https://www.fsidigital.ca/contact?service=energy-grant-writing,2026-03-28
https://www.fsidigital.ca/blog/innovation-canada-grants-2026,2026-03-27
https://www.fsidigital.ca/contact?service=women-export-trade-grants-help,2026-03-27
https://www.fsidigital.ca/download/women-export-trade-grants-guide,2026-03-27
https://www.fsidigital.ca/grants/on/mississauga/clean-energy,2026-03-27
https://www.fsidigital.ca/contact?service=rd-strategy-session,2026-03-26
https://www.fsidigital.ca/contact?service=wbdc-equity-match-grant-help,2026-03-26
https://www.fsidigital.ca/contact?service=irap-expert-help,2026-03-26
https://www.fsidigital.ca/grants/bc/kelowna/restaurants-hospitality,2026-03-25
https://www.fsidigital.ca/grants/bc/coquitlam/veterans,2026-03-25
https://www.fsidigital.ca/grants/bc/victoria/veterans,2026-03-25
https://www.fsidigital.ca/grants/on/vaughan/technology,2026-03-24
https://www.fsidigital.ca/contact?service=government-grants-expert-help,2026-03-23
https://www.fsidigital.ca/grant-application-review,2026-03-23
https://www.fsidigital.ca/blog/saskatchewan-business-grants-2026,2026-03-22
https://www.fsidigital.ca/usa/illinois/chicago,2026-03-21
https://www.fsidigital.ca/usa/agriculture-farming-grants,2026-03-21
https://www.fsidigital.ca/usa/new-mexico,2026-03-21
https://www.fsidigital.ca/grants/bc/surrey/clean-energy,2026-03-20
https://www.fsidigital.ca/grants/on,2026-03-19
https://www.fsidigital.ca/usa/montana/missoula,2026-03-19
https://www.fsidigital.ca/blog/women-business-grants-2025,2026-03-19
https://www.fsidigital.ca/blog/usda-rural-grants-2026,2026-03-19
https://www.fsidigital.ca/grants/on/cambridge/non-profits,2026-03-19
https://www.fsidigital.ca/grants/on/cambridge/restaurants-hospitality,2026-03-19
https://www.fsidigital.ca/grants/on/cambridge/logistics,2026-03-19
https://www.fsidigital.ca/grants/on/cambridge/minority-owned,2026-03-19
https://www.fsidigital.ca/grants/on/kingston/veterans,2026-03-19
https://www.fsidigital.ca/refund-cancellation,2026-03-19
https://www.fsidigital.ca/usa/hawaii,2026-03-19
https://fsidigital.ca/usa/california,2026-03-19
https://www.fsidigital.ca/nsf-sbir-masterclass,2026-03-17
https://www.fsidigital.ca/environmental-justice-consultation,2026-03-17
https://www.fsidigital.ca/contact?program=agri-food-tech,2026-03-17
https://www.fsidigital.ca/faq,2026-03-17
https://www.fsidigital.ca/blog/usda-rural-grants-2026-archive,2026-03-17
https://www.fsidigital.ca/usa/tennessee,2026-03-15
https://www.fsidigital.ca/blog?page=13,2026-03-14
https://www.fsidigital.ca/usa/alabama/mobile,2026-03-14
https://www.fsidigital.ca/blog/state-local-business-grants-guide,2026-03-14
https://www.fsidigital.ca/usa/idaho/twin-falls,2026-03-14
https://www.fsidigital.ca/usa/iowa/ames,2026-03-14
https://www.fsidigital.ca/usa/mississippi/jackson,2026-03-14
https://www.fsidigital.ca/usa/rhode-island/providence,2026-03-14
https://www.fsidigital.ca/usa/kentucky/bowling-green,2026-03-14
https://www.fsidigital.ca/usa/virginia/arlington-alexandria,2026-03-14
https://www.fsidigital.ca/blog/sred-tax-credits-2026,2026-03-14
https://www.fsidigital.ca/usa/texas/austin,2026-03-13
https://www.fsidigital.ca/usa/minnesota/rochester,2026-03-13
https://www.fsidigital.ca/contact?service=alberta-business-grants-expert-help,2026-03-13
https://www.fsidigital.ca/usa/florida/miami,2026-03-13
https://www.fsidigital.ca/usa/arkansas/bentonville,2026-03-13
https://www.fsidigital.ca/usa/delaware/newark,2026-03-13
https://www.fsidigital.ca/usa/oregon/hillsboro-washington-county,2026-03-13
https://www.fsidigital.ca/usa/arkansas/little-rock,2026-03-13
https://www.fsidigital.ca/contact?service=alberta-grants-expert-help,2026-03-13
https://www.fsidigital.ca/blog/sred-scientific-research-experimental-development,2026-03-08
https://www.fsidigital.ca/contact?service=sba-microloan-help,2026-03-07
https://www.fsidigital.ca/contact?service=ontario-innovation-grants-expert-help,2026-03-07
https://www.fsidigital.ca/contact?service=bc-business-expert-help,2026-03-05
https://www.fsidigital.ca/grant-finder?program=irap,2026-03-05
https://www.fsidigital.ca/contact?service=industry-specific-grants-expert-help,2026-03-05
https://www.fsidigital.ca/contact?service=california-loan-match,2026-03-05
https://www.fsidigital.ca/grant-finder?program=youth&age=18-35,2026-03-05
https://www.fsidigital.ca/contact?service=youth-funding,2026-03-05
https://www.fsidigital.ca/contact?service=nserc-review,2026-03-05
https://www.fsidigital.ca/contact?service=aerospace-expert-help,2026-03-05
https://www.fsidigital.ca/contact?service=youth-entrepreneurship-expert-help,2026-03-05
https://www.fsidigital.ca/contact?service=alberta-business-expert-help,2026-03-05
https://www.fsidigital.ca/contact?service=territories-grants-expert-help,2026-03-05
https://www.fsidigital.ca/contact?service=irap-government-expert-help,2026-03-05
https://www.fsidigital.ca/contact?service=csbfp-application-support,2026-03-05
https://www.fsidigital.ca/contact?service=territories-business-grants-expert-help,2026-03-05
https://www.fsidigital.ca/blog/irap-industrial-research-assistance-program-innovation,2026-03-05
https://www.fsidigital.ca/contact?service=lifesciences-expert-help,2026-03-05
https://www.fsidigital.ca/blog/youth-entrepreneurship-canada-funding,2026-03-05
https://www.fsidigital.ca/sitemap.xml,2026-03-05
https://www.fsidigital.ca/grant-finder?program=csbfp,2026-03-05
https://www.fsidigital.ca/contact?service=sred-audit,2026-03-05
https://www.fsidigital.ca/contact?service=ai-expert-help,2026-03-05
https://www.fsidigital.ca/contact?service=quebec-business-expert-help,2026-03-05
https://www.fsidigital.ca/site.webmanifest,2026-03-05
https://www.fsidigital.ca/grant-finder?program=rda,2026-03-05
https://www.fsidigital.ca/blog?page=11,2026-03-05
https://www.fsidigital.ca/contact?service=csbfp-government-expert-help,2026-03-05
https://www.fsidigital.ca/contact?service=provincial-grants-expert-help,2026-03-04
https://www.fsidigital.ca/grant-finder?category=clean-technology,2026-03-04
https://www.fsidigital.ca/blog/canada-innovation-research-development-grants-guide,2026-03-04
https://www.fsidigital.ca/blog/british-columbia-innovation-grants,2026-03-04
https://www.fsidigital.ca/blog/british-columbia-government-business-grants,2026-03-04
https://www.fsidigital.ca/blog/atlantic-canada-innovation-grants,2026-03-04
https://fsidigital.ca/blog/quebec-government-business-grants,2026-03-03
https://fsidigital.ca/grant-finder,2026-03-03
https://www.fsidigital.ca/blog/hud-community-2025,2026-03-03
https://www.fsidigital.ca/contact?service=usa-technology-startup-grants,2026-03-01
https://www.fsidigital.ca/contact?service=provincial-women-grants-expert-help,2026-02-28
https://www.fsidigital.ca/contact?service=regional-development-expert-help,2026-02-28
https://www.fsidigital.ca/blog?category=USA News,2026-02-28
https://www.fsidigital.ca/contact?service=grant-application-help,2026-02-28
https://www.fsidigital.ca/grant-finder?category=employment-training,2026-02-28
https://www.fsidigital.ca/contact?service=startup-grants-expert-help,2026-02-28
https://www.fsidigital.ca/contact?service=employment-training-expert-help,2026-02-28
https://www.fsidigital.ca/contact?service=wef-assessment,2026-02-28
https://www.fsidigital.ca/blog/canada-employment-workforce-training-grants-guide,2026-02-28
https://www.fsidigital.ca/blog?category=Funding Alerts,2026-02-27
https://www.fsidigital.ca/blog?category=Industry-Specific,2026-02-27
https://www.fsidigital.ca/grant-finder?program=wes,2026-02-27
https://www.fsidigital.ca/grant-finder?category=regional-development,2026-02-27
