Date,Affected pages
2026-06-30,220
2026-07-01,2687
2026-07-02,2687
2026-07-03,2687
2026-07-04,2687
2026-07-05,2687
2026-07-06,2687
2026-07-07,2687
2026-07-08,2687
2026-07-09,2687
2026-07-10,2687
2026-07-11,3316
2026-07-12,3316
2026-07-13,3316
2026-07-14,3316
2026-07-15,3316
2026-07-16,3316
2026-07-17,3316
2026-07-18,3316
2026-07-19,3316
2026-07-20,3316
2026-07-21,3316
2026-07-22,3316
2026-07-23,3316
2026-07-24,3316
2026-07-25,1022
2026-07-26,1022
2026-07-27,1022
2026-07-28,1022
2026-07-29,1022
2026-07-30,1022
2026-07-31,1022
2026-08-01,1022
2026-08-02,1022
2026-08-03,1022
2026-08-04,1022
2026-08-05,1022
2026-08-06,1054
2026-08-07,1054
2026-08-08,1025
2026-08-09,1025
2026-08-10,1025
2026-08-11,334
2026-08-12,334
2026-08-13,334
2026-08-14,334
2026-08-15,303
2026-08-16,303
2026-08-17,303
2026-08-18,324
2026-08-19,324
2026-08-20,324
2026-08-21,324
2026-08-22,357
2026-08-23,357
2026-08-24,357
2026-08-25,357
2026-08-26,357
2026-08-27,357
2026-08-28,357
2026-08-29,374
2026-08-30,374
2026-08-31,374
2026-09-01,374
2026-09-02,374
2026-09-03,374
2026-09-04,374
2026-09-05,353
2026-09-06,353
2026-09-07,353
2026-09-08,353
2026-09-09,353
2026-09-10,353
2026-09-11,353
2026-09-12,353
2026-09-13,353
2026-09-14,353
2026-09-15,355
2026-09-16,355
2026-09-17,355
2026-09-18,355
2026-09-19,361
2026-09-20,361
2026-09-21,361